	GUIDA APPLICAZIONI 2013  -  BARRE PORTATUTTO E PORTABICI POSTERIORI  -  AUTOVETTURE																				
Marca	Vettura	Porte	Anno			Tipo Tetto	TettoVetro		  Componibili    			Preassemblate									Porta Bici Post.
								KIT 	PIEDE	TRAVERSE		E.O. SW		QUICK		FREE		INITIAL	EASY	EVO	
										Acc	Alu	Acc	Alu	Acc	Alu	LINE			ONE		
																					
Abarth	 Abarth																				
Abarth	500	3	2007	→		Tetto nudo	SI	281	500	513	613								067	067	NO
Abarth	Punto	3	2005	→	2014	Tetto nudo	SI	251	500	507	607								056	056	NO
Alfa Romeo	 Alfa Romeo																				
Alfa Romeo	146	4	1995	→	2001	Tetto nudo													034		NO
Alfa Romeo	147	3	2000	→	2010	Tetto nudo	SI	311	500	507	607										NO
Alfa Romeo	147	5	2000	→	2010	Tetto nudo	SI	245	500	507	607								048	048	NO
Alfa Romeo	155	4	1992	→	1997	Tetto nudo													020		NO
Alfa Romeo	156	4	1997	→	2007	Tetto nudo													034		RT
Alfa Romeo	156 Crosswagon	5	2004	→	2007	Barre lungitudinali	SI		600	520	620	815	915			515		● ○			NO
Alfa Romeo	156 SW	5	2000	→	2006	Tetto nudo	SI												034		NO
Alfa Romeo	156 SW	5	2000	→	2006	Barre lungitudinali	SI		600	520	620	815	915			515		● ○			NO
Alfa Romeo	159	4	2005	→	2013	Tetto nudo	SI	238	500	507	607								023	057	SI
Alfa Romeo	159 SW	5	2005	→	2013	Tetto nudo	SI	238	500	507	607								023	057	NO
Alfa Romeo	159 SW	5	2005	→	2013	Barre lungitudinali	SI		600	520	620	815	915			515		● ○			NO
Alfa Romeo	164	4	1987	→	1998	Tetto nudo	SI												034		NO
Alfa Romeo	75	4	1985	→	1992	Tetto nudo													024	024	NO
Alfa Romeo	Giulia	4	2016	→		Tetto nudo	NV	337	500	513	613								082	082	SI
Alfa Romeo	Giulietta	5	2010	→		Tetto nudo	NO	239	500	507	607										AL-RT
Alfa Romeo	Mito	3	2008	→	2018	Punti fissi	SI	110	500	507	607								010	010	SI
Alfa Romeo	Stelvio	5	2017	→		Profili integrati	SI		601	507	607			857	957		715				NO
Audi	 Audi																				
Audi	80 SW	5	1992	→	1995	Barre lungitudinali	SI		600	507	607	815	915			515		● ○			NO
Audi	A1 (8X)	3	2010	→	2018	Tetto nudo	NO	289	500	513	613										NO
Audi	A1 (GB)	5	2018	→		Tetto nudo	NV													089	NO
Audi	A1 Sportback (8X)	5	2011	→	2018	Tetto nudo	NO	279	500	513	613								065	065	NO
Audi	A1 Sportback (8X)	5	2011	→	2018	Tetto nudo	SI												065	065	NO
Audi	A3 (8L)	3	1996	→	2003	Tetto nudo													023	023	AL
Audi	A3 (8P)	3	2003	→	2012	Tetto nudo	NO	277	500	513	613								032	032	AL
Audi	A3 (8P)	3	2003	→	2012	Tetto nudo	SI												032	032	AL
Audi	A3 (8V)	3	2012	→	2017	Tetto nudo	NO	278	500	520	620										NO
Audi	A3 Berlina (8V)	4	2013	→	2020	Tetto nudo	NO	343	500	520	620										NV
Audi	A3 Sportback (8P)	5	2004	→	2012	Tetto nudo	NV	372	500	513	613								045	036	NO
Audi	A3 Sportback (8P)	5	2004	→	2013	Profili integrati	SI	401	600 / 601	526 / 507	626 / 607	830	930	857	957		730				AL
Audi	A3 Sportback (8V)	5	2012	→	2020	Tetto nudo	NO	308	500	520	620									084	NO
Audi	A3 Sportback (8V)	5	2012	→	2020	Tetto nudo	SI													084	NO
Audi	A3 Sportback (8V)	5	2012	→	2020	Profili integrati	SI		601	507	607			857	957		730				NO
	A3 (Y8)	5	2020	→		Tetto nudo														089	
Audi	A4 (B6)	4	2000	→	2004	Tetto nudo		359	500	513	613								025	059	SI
Audi	A4 (B7)	4	2004	→	2007	Tetto nudo		359	500	513	613										SI
Audi	A4 (B8)	4	2008	→	2015	Tetto nudo	SI	359	500	520	620										SI
Audi	A4 (B9)	4	2016	→		Tetto nudo	NO	356	500	513	613										SI
Audi	A4 Allroad (B8)	5	2009	→	2015	Barre lungitudinali	SI		600 / 601	520 / 507	620 / 607	830	930	857	957	515	715	● ○			AL
Audi	A4 Allroad (B9)	5	2016	→		Barre lungitudinali	SI		600 / 601	520 / 507	620 / 607	830	930	857	957	515	715	● ○			NO
Audi	A4 SW (B5-B6)	5	1995	→	2004	Barre lungitudinali	SI		600	520	620	815	915			515		● ○			AL
Audi	A4 SW (B7)	5	2004	→	2008	Barre lungitudinali	SI		600	513	613	815	915			515		● ○			AL
Audi	A4 SW (B8)	5	2008	→	2015	Profili integrati	SI	410	600 / 601	526 / 507	626 / 607	830	930	857	957		730				AL
Audi	A4 SW (B9)	5	2015	→		Profili integrati	SI		601	507	607			857	957		715				NO
Audi	A5 (8T)	2-4	2007	→	2016																2B
Audi	A6 (C5)	4	1997	→	2004																SI
Audi	A6 (C6)	4	2004	→	2011	Tetto nudo		310	500	520	620										SI
Audi	A6 (C7)	4	2011	→	2018																SI
Audi	A6 Allroad (C5)	5	2000	→	2005	Barre lungitudinali	SI		600	520	620	815	915			515		● ○			AL-AB
Audi	A6 Allroad (C6)	5	2006	→	2012	Barre lungitudinali	SI		600	526	626	830	930			530		● ○			AL-AB
Audi	A6 Allroad (C7)	5	2012	→	2018	Barre lungitudinali	SI		600	526	626	830	930			515		● ○			NO
Audi	A6 SW (C4)	5	1994	→	1997	Barre lungitudinali	SI		600	520	620	815	915			515		● ○			NO
Audi	A6 SW (C5)	5	1998	→	2004	Barre lungitudinali	SI		600	520	620	815	915			515		● ○			AL-AB
Audi	A6 SW (C6)	5	2005	→	2011	Profili integrati	SI	403	600 / 601	526 / 507	626 / 607	830	930	857	957		730				AL-AB
Audi	A6 SW (C7)	5	2011	→	2018	Profili integrati	SI		601	513	613			865	965		730				AA-AL-2B-RT
Audi	A6 SW (C8)	5	2018	→		Profili integrati	SI		601	513	613			865	965		730				NV
Audi	A8 (D3)	4	2009	→	2013																SI
Audi	E-Tron	5	2019	→		Profili integrati	SI		601	513	613			865	965		730				NO
Audi	Q2 (GA)	5	2017	→		Tetto nudo	NO	340	500	520	620								078	078	NO
Audi	Q2 (GA)	5	2017	→		Tetto nudo	SI												078	078	NO
Audi	Q3 (8U)	5	2011	→	2018	Profili integrati	SI		601	507	607			857	957		730				NO
Audi	Q3 (F3)	5	2018	→		Profili integrati	SI		601	513	613			865	965		730				NV
Audi	Q5 (8R)	5	2008	→	2017	Profili integrati	SI		601	513	613			865	965		730				NO
Audi	Q5 (FY)	5	2017	→		Profili integrati	SI		601	513	613			865	965		730				NO
Audi	Q7 (4L)	5	2006	→	2015	Profili integrati	SI		601	507	607			857	957		730				NO
Audi	Q8 (F1)	5	2018	→		Profili integrati	SI		601	513	613			865	965		730				NV
Bmw	 Bmw																				
Bmw	Serie 1 (E87)	3-5	2004	→	2011	Punti fissi	SI	103	500	507	607								003	003	AL
Bmw	Serie 1 (F20)	3-5	2011	→	2019	Punti fissi	SI	103	500	507	607								003	003	AL-2B
BMW	Serie 1 (F40)	5	2019	→		Punti fissi	SI	126	500	507	607									091	NV
Bmw	Serie 1 coupè (E82)	3	2007	→	2013	Punti fissi	SI	103	500	507	607								003	003	AL
Bmw	Serie 2 Active Tourer (F45)	5	2014	→		Tetto nudo	SI	325	500	520	620								072	072	NO
Bmw	Serie 2 Active Tourer (F45)	5	2014	→		Profili integrati	SI		601	507	607			857	957		730				NO
Bmw	Serie 2 Coupè (F22)	3	2014	→		Punti fissi	SI	103	500	507	607								003	003	NO
Bmw	Serie 2 Gran Tourer (F46)	5	2014	→		Profili integrati	SI		601	507	607			857	957		715				NO
Bmw	Serie 3 (E46)	4	1998	→	2005	Punti fissi	SI	103	500	507	607								003	003	SI
Bmw	Serie 3 (E90)	4	2005	→	2012	Punti fissi	SI	103	500	507	607								003	003	SI
Bmw	Serie 3 (F30)	4	2012	→	2019	Punti fissi	SI	103	500	507	607								003	003	SI
BMW	Serie 3 (G20)	4	2019	→		Punti fissi	SI	126	500	507	607									091	NV
Bmw	Serie 3 coupè (E46)	2	1999	→	2003																AB-RT
Bmw	Serie 3 coupè (E46)	2	2003	→	2006																RT
Bmw	Serie 3 Coupè (E90)	3	2006	→	2014	Punti fissi	SI	103	500	507	607								003	003	SI
Bmw	Serie 3 GT (F34)	5	2013	→		Punti fissi	SI	103	500	513	613								003		NO
Bmw	Serie 3 Touring (E36)	5	1994	→	1999	Barre lungitudinali	SI		600	520	620	815	915			515		● ○			NO
Bmw	Serie 3 Touring (E46)	5	1999	→	2002	Punti fissi	SI	103	500	507	607								003	003	AL
Bmw	Serie 3 Touring (E46)	5	1999	→	2002	Barre lungitudinali	SI		600	520	620	830	930			515		● ○			AL
Bmw	Serie 3 Touring (E46)	5	2003	→	2005	Punti fissi	SI	103	500	507	607								003	003	NO
Bmw	Serie 3 Touring (E46)	5	2003	→	2005	Barre lungitudinali	SI		600	520	620	830	930			515		● ○			NO
Bmw	Serie 3 Touring (E91)	5	2005	→	2012	Punti fissi	SI	103	500	507	607								003	003	NO
Bmw	Serie 3 Touring (E91)	5	2005	→	2012	Barre lungitudinali	SI		600	520	620	815	915			515		● ○			NO
Bmw	Serie 3 Touring (E91)	5	2010	→	2012	Profili integrati	SI	408	600	520	620	830	930								NO
Bmw	Serie 3 Touring (F31)	5	2012	→	2019	Profili integrati	SI		601	507	607			857	957		730				NO
Bmw	Serie 3 Touring (G21)	5	2019	→		Profili integrati	SI		601	507	607			857	957		715				NO
Bmw	Serie 4 Coupè (F32)	3	2013	→		Punti fissi	SI	103	500	507	607								003	003	NO
Bmw	Serie 4 Gran Coupè (F36)	4	2014	→		Punti fissi	SI	103	500	507	607								003	003	NO
Bmw	Serie 5 (E39)	4	1995	→	2003																SI
Bmw	Serie 5 (E60)	4	2003	→	2010	Tetto nudo		288	500	520	620								032	032	SI
Bmw	Serie 5 GT (F07)	5	2009	→	2017	Punti fissi	SI	103	500	526	626										NO
Bmw	Serie 5 Touring (E34)	5	1991	→	1997	Barre lungitudinali	SI		600	520	620	815	915			515		● ○			NO
Bmw	Serie 5 Touring (E39)	5	1996	→	2003	Barre lungitudinali	SI		600	520	620	830	930			515		● ○			AL
Bmw	Serie 5 Touring (E61)	5	2004	→	2011	Tetto nudo		288	500	520	620										NO
Bmw	Serie 5 Touring (E61)	5	2004	→	2011	Barre lungitudinali	SI		600	520	620	830	930			515		● ○			NO
Bmw	Serie 5 Touring (F11)	5	2010	→	2017	Profili integrati	SI	415	600 / 601	526 / 507	626 / 607	830	930	857	957		730				NO
Bmw	Serie 5 Touring (G31)	5	2017	→		Profili integrati	SI		601	507	607			857	957		715				NO
Bmw	Serie 6 coupè (E63)	2-4	2004	→	2011																SI
Bmw	Serie 7 (E38)	4	1994	→	2001																SI
Bmw	Serie 7 (E65-66-67-68)	4	2001	→	2008																SI
Bmw	Serie 7 (F01-F02)	4	2008	→	2014																SI
Bmw	X1 (E84)	5	2009	→	2015	Profili integrati	SI		601	507	607			857	957		730				AL-2B
Bmw	X1 (F48)	5	2015	→		Profili integrati	SI		601	507	607			857	957		730				NO
Bmw	X2 (F39)	5	2019	→		Profili integrati	SI		601	513	613			865	965		730				NO
Bmw	X3 (E83)	5	2004	→	2010	Barre lungitudinali	SI		600	526	626	830	930			530		● ○			AL-AB
Bmw	X3 (F25)	5	2011	→	2017	Profili integrati	SI	418	600 / 601	526 / 507	626 / 607	830	930	857	957		730				SI
Bmw	X3 (G01)	5	2018	→		Profili integrati	SI		601	513	613			865	965		730				NO
Bmw	X4 (F26)	5	2015	→		Profili integrati	SI		601	513	613			865	965		730				NO
Bmw	X5 (E53)	5	1999	→	2007	Barre lungitudinali	SI		600	526	626	830	930			530		● ○			AL
Bmw	X5 (E70)	5	2007	→	2013	Barre lungitudinali	SI		600	526	626	830	930			530		● ○			NO
Bmw	X5 (E70)	5	2007	→	2013	Profili integrati	SI	408	600	542	642	830	930								NO
Bmw	X5 (F15)	5	2014	→		Profili integrati	SI		601	513	613			865	965		730				NO
Bmw	X6 (F16)	5	2015	→		Profili integrati	SI		601	513	613			865	965						NO
BMW	X7 (G07)	5	2019	→		Barre lungitudinali	SI		600 / 601	526 / 513	626 / 613	830	930	865	965	530	730	● ○			NO
Cadillac	 Cadillac																				
Cadillac	SRX	5	2004	→	2013	Barre lungitudinali	SI		600	520	620	830	930			515		● ○			NV
Cadillac	SRX	5	2013	→	2016	Barre lungitudinali	SI		600	520	620	815	915					● ○			NV
Chevrolet	 Chevrolet																				
Chevrolet	Aveo	5	2006	→	2011																AL
Chevrolet	Aveo II	5	2011	→	2016	Tetto nudo													023	057	AL
Chevrolet	Captiva	5	2006	→	2016	Barre lungitudinali	SI		600	513	613	815	915			515		● ○			NO
Chevrolet	Cruze	4	2009	→	2016																RT
Chevrolet	Cruze	5	2012	→	2017																AL
Chevrolet	Cruze SW	5	2012	→	2016	Barre lungitudinali	SI		600	507	607	815	915			515		● ○			AL-2B
Chevrolet	Kalos	3	2005	→	2008																AL
Chevrolet	Kalos	5	2005	→	2008	Tetto nudo													023	057	AL
Chevrolet	Lacetti SW	5	2004	→	2009	Barre lungitudinali	SI		600	507	607	815	915			515		● ○			AL
Chevrolet	Matiz	5	1998	→	2005	Tetto nudo													021	021	AL
Chevrolet	Matiz	5	1998	→	2005	Barre lungitudinali	SI		600	507	607	815	915			515		● ○			AL
Chevrolet	Matiz II	5	2005	→	2009	Barre lungitudinali	SI		600	507	607	815	915			515		● ○			AL
Chevrolet	Nubira SW	5	1997	→	2004																SI
Chevrolet	Nubira SW	5	2004	→	2009	Barre lungitudinali	SI		600	507	607	815	915			515		● ○			AL
Chevrolet	Orlando	5	2010	→	2016																AL
Chevrolet	Spark	5	2010	→	2016	Tetto nudo													023	057	AL
Chevrolet	Spark	5	2010	→	2016	Barre lungitudinali	SI		600	507	607	815	915			515		● ○			AL
Chevrolet	Trax	5	2013	→	2016	Barre lungitudinali	SI		601	507	607			857	957		715				AL
Chrysler	 Chrysler																				
Chrysler	300 C SW	5	2004	→	2011	Barre lungitudinali	SI		600	520	620	830	930			515		● ○			AL
Chrysler	Grand Voyager  	5	1996	→	2005	Barre lungitudinali	SI		600	520	620	830	930			530		● ○			AL
Chrysler	Grand Voyager  	5	2011	→	2016	Barre lungitudinali	SI		600	526	626	830	930			530		● ○			AL
Chrysler	PT Cruiser	5	2000	→	2010	Profili a T	SI	406	600	526	626	830	930								AA
Chrysler	Voyager	5	1995	→	2001	Barre lungitudinali	SI		600	520	620	815	915			530		● ○			AL
Chrysler	Voyager	5	2001	→	2008	Profili a T	SI	406	600	520	620	830	930								AL
Chrysler	Voyager	5	2008	→	2014	Barre lungitudinali	SI		600	542	642	830	930			530		● ○			NV
Citroen	 Citroen																				
Citroen	AX	5	1986	→	1998	Tetto nudo													025	059	NO
Citroen	Berlingo I	3-5	1996	→	2008	Tetto nudo		209	500	507	607								022	022	AB
Citroen	Berlingo I	3-5	1996	→	2008	Barre lungitudinali	SI		600	513	613	815	915			515		● ○			AB
Citroen	Berlingo II	3-5	2008	→	2018	Punti fissi	SI	129	500	520	620										SI
Citroen	Berlingo II	3-5	2008	→	2018	Barre lungitudinali	SI		600	526	626	830	930			530		● ○			SI
Citroen	Berlingo III	3-5	2018	→		Barre lungitudinali	SI	655	601	513	613			865	965	530	 				NV
Citroen	Bx Break	5	1983	→	1994	Barre lungitudinali	SI		600	520	620	815	915			515		● ○			NO
Citroen	C1 I	5	2005	→	2014	Tetto nudo	SI												021	049	NO
Citroen	C1 II	5	2014	→		Tetto nudo	NO	366	500	507	607								025	059	NO
Citroen	C1 II	5	2014	→		Tetto nudo	SI												025	059	NO
Citroen	C2	5	2003	→	2010	Punti fissi	SI	317	500	507	607										AL-AB-2B-RT
Citroen	C3 Aircross	5	2017	→		Barre lungitudinali	SI	655	601	507	607			857	957	515					NO
Citroen	C3 I	5	2002	→	2009	Tetto nudo	NO	268	500	513	613								033	033	AL-RT-2B
Citroen	C3 II	5	2009	→	2016	Punti fissi	SI	123	500	507	607									005	AL
Citroen	C3 III	5	2017	→		Tetto nudo	NO	339	500	513	613								079	079	AB-2B
Citroen	C3 III	5	2017	→		Tetto nudo	SI												079	079	AB-2B
Citroen	C3 Picasso	5	2009	→	2017	Barre lungitudinali	SI		600	513	613	815	915			515		● ○			AL-2B-RT
Citroen	C4 Aircross	5	2012	→	2017	Punti fissi	SI	128	500	513	613								009	040	AA-AB-AL
Citroen	C4 Aircross	5	2012	→	2017	Profili integrati	SI	651	601	507	607			857	957		730				AA-AB-AL
Citroen	C4 Cactus	5	2015	→	2020	Barre lungitudinali	SI	650	601	507	607			857	957	515					AB
Citroen	C4 Gran Picasso	5	2006	→	2013	Punti fissi	SI	120	500	513	613									008	NO
Citroen	C4 Gran Picasso	5	2006	→	2013	Barre lungitudinali	SI		600	526	626	830	930			530		● ○			NO
Citroen	C4 Gran Picasso	5	2013	→		Tetto nudo		314	500	526	626										NO
Citroen	C4 I	3	2004	→	2010	Punti fissi	SI	108	500	507	607								008	008	NO
Citroen	C4 I	5	2004	→	2010	Punti fissi	SI	108	500	507	607								008	008	NO
Citroen	C4 II	5	2010	→	2018	Tetto nudo	SI	246	500	520	620								065	065	AL
Citroen	C4 III	5	2021	→		Tetto nudo	SI	338	500	513	613									082	NV
Citroen	C4 Picasso	5	2007	→	2013	Punti fissi	SI	120	500	513	613								008	008	NO
Citroen	C4 Picasso	5	2007	→	2013	Barre lungitudinali	SI		600	542	642	830	930			530		● ○			NO
Citroen	C4 Picasso	5	2013	→		Tetto nudo	SI	309	500	520	620										NO
Citroen	C5 Aircross	5	2019	→		Barre lungitudinali	SI		600	520	620	815	915			515					NV
Citroen	C5 I	4	2000	→	2008	Tetto nudo	SI												041	041	SI
Citroen	C5 I SW	5	2001	→	2008	Barre lungitudinali	SI		600	520	620	815	915			515		● ○			NO
Citroen	C5 II	4	2008	→	2017	Punti fissi	SI	122	500	507	607								005	005	SI
Citroen	C5 II SW	5	2008	→	2017	Barre lungitudinali	SI		600	520	620	815	915			515		● ○			NO
Citroen	C6	4	2005	→	2012	Punti fissi	SI	122	500	526	626									016	NO
Citroen	C8	5	2002	→	2010	Tetto nudo		304	500	542	642										AL-RT
Citroen	C8	5	2002	→	2010	Profili a T	SI	406	600	542	642	830	930								AL-RT
Citroen	C-Crosser	5	2007	→	2012	Barre lungitudinali	SI		600	526	626	830	930			530		● ○			AL-AB
Citroen	Evasion	5	1994	→	2002	Profili a T	SI	406	600	526	626	830	930								NO
Citroen	Nemo	3-5	2008	→		Punti fissi	SI	102	500	526	626								007	007	AL-RT
Citroen	Nemo	3-5	2008	→		Barre lungitudinali	SI		600	542	642	830	930			530		● ○			AL-RT
Citroen	Saxo	3	1996	→	2004	Tetto nudo													052	052	RT
Citroen	Saxo	5	1996	→	2005	Tetto nudo													025	025	RT
Citroen	Xantia	5	1993	→	1998	Tetto nudo													027	027	NO
Citroen	Xantia SW	5	1995	→	2001	Profili a T	SI	406	600	513	613	815	915								NO
Citroen	XM	5	1989	→	1994	Tetto nudo													026		NO
Citroen	XM SW	5	1992	→	1999	Barre lungitudinali	SI		600	520	620	815	915			515		● ○			NO
Citroen	Xsara	5	1997	→	2004	Tetto nudo													021	021	SI
Citroen	Xsara Picasso	5	1999	→	2010	Tetto nudo	NO	209	500	507	607								022	022	SI
Citroen	Xsara SW	5	1997	→	2004	Profili a T	SI	406	600	526	626	830	930								NO
Citroen	ZX SW	5	1994	→	1999	Barre lungitudinali	SI		600	520	620	815	915			515		● ○			NO
Cupra	 Cupra																				
Cupra	Formentor	5	2020	→		Barre lungitudinali	SI		600	513	613	815	915			515		● ○			NV
Dacia	 Dacia																				
Dacia	Dokker	3-5	2012	→		Punti fissi	SI	102	500	507	607								006	006	NO
Dacia	Dokker	3-5	2012	→		Barre lungitudinali	SI		600	513	613	815	915			515		● ○			NO
Dacia	Duster	5	2010	→	2013	Barre lungitudinali	SI	412	600	520	620	815	915			515					2B
Dacia	Duster	5	2014	→	2017	Barre lungitudinali	SI	652	601	507	607			857	957		715				2B
Dacia	Duster	5	2018	→		Barre lungitudinali	SI	655	601	507	607			857	957	515					NV
Dacia	Lodgy	5	2012	→		Profili integrati	SI	651	601	507	607			857	957		715				RT
Dacia	Logan	4	2004	→		Punti fissi	SI	353	500	513	613								053		SI
Dacia	Logan MCV	5	2013	→		Barre lungitudinali	SI		600	513	613	815	915			515		● ○			NV
Dacia	Logan SW	5	2007	→	2013	Barre lungitudinali	SI		600	507	607	815	915			515		● ○			NO
Dacia	Logan SW	5	2013	→		Barre lungitudinali	SI		600	513	613	815	915					● ○			NV
Dacia	Sandero I	5	2008	→	2020	Punti fissi	NV	353	500	507	607								053		AL-RT
Dacia	Sandero II	5	2021	→		Tetto nudo	NV	377	500	520	620									080	NV
Dacia	Sandero Stepway	5	2010	→	2012	Barre lungitudinali	SI		600	513	613	815	915			515		● ○			AL
Dacia	Sandero Stepway II	5	2013	→	2020	Barre lungitudinali	SI		600	513	613	815	915			515		● ○			SI
Dacia	Sandero Stepway III	5	2021	→		Barre lungitudinali	SI		600	513	613	815	915			515					NV
Daewoo	 Daewoo																				
Daewoo	Kalos	5	2002	→	2005	Tetto nudo													023	057	AL
Daewoo	Lanos	5	1997	→	2005	Tetto nudo													023	023	NO
Daewoo	Matiz	5	1998	→	2007	Tetto nudo													021	021	AL
Daewoo	Matiz	5	1998	→	2005	Barre lungitudinali	SI		600	507	607	815	915			515		● ○			AL
Daewoo	Nubira SW	5	1997	→	2003	Barre lungitudinali	SI		600	507	607	815	915			515		● ○			AL
Daewoo	Tacuma	5	2000	→	2005	Barre lungitudinali	SI		600	507	607	815	915			515		● ○			NV
Daihatsu	 Daihatsu																				
Daihatsu	Feroza	3	1988	→	2000	Barre lungitudinali	SI		600	507	607	815	915			515		● ○			NO
Daihatsu	Materia	5	2007	→	2016																SI
Daihatsu	Sirion	5	1998	→	2005	Tetto nudo													023	057	AL-RT
Daihatsu	Sirion II	5	2005	→	2016	Tetto nudo													033	033	AL-RT
Daihatsu	Terios	5	1997	→	2005	Tetto nudo													025	025	NO
Daihatsu	Terios	5	1998	→	2005	Profili integrati	SI	653	601	507	607			857	957						NO
Daihatsu	Terios	5	2006	→	2016	Tetto nudo		306	500	513	613										NO
Daihatsu	Terios	5	2006	→	2016	Barre lungitudinali	SI		600	520	620	830	930			515		● ○			NO
Dodge	 Dodge																				
Dodge	Journey	5	2008	→	2011	Barre lungitudinali	SI		600	520	620	830	930			530		● ○			NV
Dodge	Nitro	5	2007	→	2011																SI
DR	 DR																				
DR	DR2	5	2010	→	2014	Barre lungitudinali	SI		600	507	607	815	915			515		● ○			NV
DR	DR5	5	2008	→	2016	Barre lungitudinali	SI		600	520	620	815	915			515		● ○			NV
DR	DR6***	5	2017	→		Profili integrati	SI	656	601	507	607			857	957		730				NO
DS	 DS																				
DS	3	3	2010	→	2019	Punti fissi	SI	122	500	507	607									005	NO
DS	4	5	2011	→	2018	Tetto nudo		250	500	520	620								065	065	NO
DS	5	5	2012	→	2018	Tetto nudo	SI	283	500	520	620								065	065	NO
DS	7	5	2018	→		Profili integrati	SI		601	507	607			857	957		715				NV
Fiat	 Fiat																				
Fiat	500	3	2007	→		Tetto nudo	SI	281	500	513	613								067	067	SI
Fiat	500 L	5	2012	→		Tetto nudo	SI	276	500	526	626								065	065	NO
Fiat	500 L Living	5	2013	→		Tetto nudo	SI	276	500	526	626								065	065	NO
Fiat	500 X	5	2015	→		Tetto nudo	NO	330	500	520	620								083	083	NO
Fiat	500 X	5	2015	→		Tetto nudo	SI												083	083	NO
Fiat	500 X	5	2015	→		Profili integrati	SI	651	601	507	607			857	957		715				NO
Fiat	Bravo II	5	2007	→	2014	Tetto nudo	SI	221	500	520	620								065	065	SI
Fiat	Cinquecento	3	1991	→	1998	Tetto nudo													046	046	SI
Fiat	Croma I	4	1985	→	1996	Tetto nudo													034		NO
Fiat	Croma II	5	2005	→	2010	Punti fissi	SI	116	500	507	607										AL-RT
Fiat	Croma II	5	2005	→	2010	Barre lungitudinali	SI		600	520	620	815	915			515		● ○			AL-RT
Fiat	Doblò I	3-5	2000	→	2010	Punti fissi	SI	102	500	520	620								007	007	RT
Fiat	Doblò II	5	2010	→		Barre lungitudinali	SI		600	542	642	830	930			530		● ○			NO
Fiat	Doblò Malibù	5	2001	→	2010	Barre lungitudinali	SI		600	526	626	830	930			530		● ○			SI
Fiat	Fiorino (Railing piccoli)	5	2008	→		Barre lungitudinali	SI		600	542	642	830	930			530		● ○			SI
Fiat	Fiorino	3-5	1987	→	2001	Punti fissi	SI	102	500	513	613								006	002	NO
Fiat	Fiorino	3-5	2008	→		Punti fissi	SI	102	500	526	626								007	007	NO
Fiat	Freemont	5	2011	→	2016	Barre lungitudinali	SI		600	520	620	830	930			530		● ○			NO
Fiat	Fullback Double Cab	4	2016	→		Punti fissi	SI	125	500	507	607									086	NO
Fiat	Fullback Single Cab	2	2016	→		Punti fissi	SI	125	500	507	607									086	NO
Fiat	Grande Punto \ P. Evo	3	2005	→	2018	Tetto nudo	SI	251	500	507	607								056	056	AL-RT
Fiat	Grande Punto \ P. Evo	5	2005	→	2018	Tetto nudo	SI	215	500	507	607								019	019	AL-RT
Fiat	Idea	5	2004	→	2012	Punti fissi	NO	117	500	507	607								017	017	SI
Fiat	Idea	5	2004	→	2012	Barre lungitudinali	SI		600	520	620	815	915			515		● ○			SI
Fiat	Marea WeekEnd	5	1997	→	2007	Barre lungitudinali	SI		600	507	607	815	915			515		● ○			NO
Fiat	Marengo	5	1997	→	2007	Barre lungitudinali	SI		600	520	620	815	915			515		● ○			NO
Fiat	Multipla	5	1999	→	2010	Punti fissi	SI	119	500	542	642										AL-AB
Fiat	Palio WeekEnd	5	1996	→	2007	Barre lungitudinali	SI		600	507	607	815	915			515		● ○			NO
Fiat	Panda I	3	1979	→	2003	Tetto nudo													052	060	SI
Fiat	Panda I	3	1999	→	2003	Barre lungitudinali	SI		600	513	613	815	915			530		● ○			SI
Fiat	Panda II	5	2003	→	2012	Punti fissi	SI	318	500	513	613								058	058	AL-RT
Fiat	Panda II	5	2003	→	2012	Barre lungitudinali	SI		600	520	620	830	930			530		● ○			AL-RT
Fiat	Panda III	5	2012	→		Punti fissi	SI	124	500	507	607								011	011	AL-RT
Fiat	Panda III	5	2012	→		Profili integrati	SI	419	600 / 601	520 / 507	620 / 607	830	930	857	957		715				AL-RT
Fiat	Panda III Cross	5	2014	→		Barre lungitudinali	SI		600 / 601	520 / 507	620 / 607	815	915	857	957	515	715	● ○			AL-RT
Fiat	Panda III Cross	5	2018	→		Profili integrati	SI		601	507	607			857	957		715				AL-RT
Fiat	Punto I	3	1993	→	1999	Tetto nudo													015	015	AL-RT
Fiat	Punto I	5	1993	→	1999	Tetto nudo													020	020	AL-RT
Fiat	Punto II	3	1999	→	2010	Tetto nudo		203	500	507	607								039	039	AL-RT
Fiat	Punto II	5	1999	→	2010	Tetto nudo		204	500	507	607								031	031	AL-RT
Fiat	Punto III	5	2012	→	2018	Tetto nudo	SI	215	500	507	607								019	019	AL-RT
Fiat	Qubo	3-5	2008	→		Punti fissi	SI	102	500	526	626								007	007	AL-RT
Fiat	Qubo	5	2008	→		Barre lungitudinali	SI	411	600	542	642	830	930			530		● ○			AL-RT
Fiat	Regata	5	1984	→	1991	Barre lungitudinali	SI		600	542	642	830	930			530		● ○			NO
Fiat	Sedici	5	2006	→	2014	Barre lungitudinali	SI		600	520	620	830	930			515		● ○			SI
Fiat	Seicento	3	1998	→	2010	Tetto nudo													046	046	SI
Fiat	Stilo	3-5	2001	→	2007	Punti fissi	SI	111	500	513	613								017	017	NO
Fiat	Stilo SW	5	2001	→	2010	Barre lungitudinali	SI		600	526	626	830	930			530		● ○			NO
Fiat	Tempra	4	1990	→	1996	Tetto nudo													020	020	NO
Fiat	Tempra SW	5	1990	→	1997	Barre lungitudinali	SI		600	507	607	815	915			515		● ○			NO
Fiat	Tipo	3-5	1988	→	1995	Tetto nudo													020	020	NO
Fiat	Tipo	5	2016	→		Tetto nudo		369	500	513	613								076	076	NO
Fiat	Tipo Berlina	4	2015	→		Tetto nudo		368	500	513	613								076	076	SI
Fiat	Tipo SW	5	2016	→		Profili integrati	SI	651	601	507	607			857	957		715				NO
Fiat	Ulysse I	5	1994	→	2002	Profili a T	SI	406	600	526	626	830	930								NO
Fiat	Ulysse II	5	2002	→	2010	Tetto nudo		304	500	542	642										NO
Fiat	Ulysse II	5	2002	→	2010	Profili a T	SI	406	600	542	642	830	930								NO
Fiat	Uno	5	1984	→	1995	Barre lungitudinali	SI		600	507	607	815	915			515		● ○			NO
Ford	 Ford																				
Ford	B-Max	5	2012	→	2018	Tetto nudo	SI												050	050	AL
Ford	C-Max 7	5	2010	→		Barre lungitudinali	SI		600	520	620	830	930			515		● ○			AL-2B
Ford	C-Max I	3-5	2003	→	2010	Punti fissi	SI	114	500	513	613								014	014	AA-AL-RT
Ford	C-Max II	5	2010	→		Tetto nudo	SI	247	500	526	626								068	068	AL-2B
Ford	Connect (Grand Tourneo)	5	2014	→		Profili integrati	SI	653	601	513	613			865	965						RT
Ford	Connect (Tourneo)	5	2014	→		Profili integrati	SI	653	601	513	613			865	965						RT
Ford	Connect (Transit)	5	2014	→		Profili integrati	SI	653	601	513	613			865	965						NO
Ford	Connect	3-5	2002	→	2012	Punti fissi	SI	102	500	507	607								006	002	NO
Ford	Courier (Tourneo)	3-5	2013	→		Barre lungitudinali	SI		600	520	620	815	915			515		● ○			AL-RT
Ford	Courier (Tourneo)	3-5	2014	→		Punti fissi	SI	326	500	513	613										AL-RT
Ford	Courier (Transit)	3-5	2014	→		Punti fissi	SI	326	500	513	613										NO
Ford	Edge	5	2016	→		Profili integrati	SI		601	507	607			857	957		730				NO
Ford	Escort	4	1990	→	1999	Tetto nudo													026	026	RT
Ford	Escort SW	5	1993	→	2000	Barre lungitudinali	SI		600	507	607	815	915			515		● ○			NO
Ford	Fiesta III	3	1989	→	1995	Punti fissi	SI												028	028	NO
Ford	Fiesta IV	3	1995	→	2002	Punti fissi	SI												028	028	SI
Ford	Fiesta IV	5	1995	→	2002	Tetto nudo													025	025	SI
Ford	Fiesta V	3	2002	→	2008	Tetto nudo													043	043	AL-RT
Ford	Fiesta V	5	2002	→	2008	Tetto nudo		267	500	513	613								055	055	AL-RT
Ford	Fiesta VI	5	2008	→	2017	Tetto nudo		234	500	513	613								055	055	2B-RT
Ford	Fiesta VII	5	2018	→		Tetto nudo	NO	351	500	513	613								045	036	NO
Ford	Fiesta VII	5	2018	→		Tetto nudo	SI												045	036	NO
Ford	Fiesta VII Active	5	2018	→		Profili integrati	SI		601	507	607			857	957		715				NO
Ford	Focus I	5	1998	→	2004	Tetto nudo													018	018	AL-RT
Ford	Focus I SW	5	1999	→	2004	Barre lungitudinali	SI		600	507	607	815	915			515		● ○			SI
Ford	Focus II	3-5	2004	→	2011	Punti fissi	SI	114	500	513	613								014	014	NO
Ford	Focus II SW	5	2004	→	2011	Punti fissi	SI	114	500	513	613								014	014	AL-RT
Ford	Focus II SW	5	2004	→	2011	Barre lungitudinali	SI		600	520	620	815	915			515		● ○			AL-RT
Ford	Focus II SW	5	2004	→	2011	Profili a T	SI	406	600	520	620	830	930								AL-RT
Ford	Focus III	5	2011	→	2018	Tetto nudo		263	500	520	620								068	068	AL-2B
Ford	Focus III SW	5	2011	→	2018	Tetto nudo		263	500	520	620										AL-AB-RT-2B
Ford	Focus III SW	5	2011	→	2018	Profili integrati	SI	414	600 / 601	520 / 507	620 / 607	830	930	857	957		715				AL-AB-2B-RT
Ford	Focus IV	5	2018	→		Tetto nudo	SI												080	080	NO
Ford	Focus IV Active	5	2019	→		Profili integrati	SI		601	507	607			857	957		715				NO
Ford	Focus IV SW	5	2018	→		Profili integrati	SI		601	507	607			857	957		715				NO
Ford	Fusion	5	2002	→	2012	Tetto nudo		305	500	513	613								055	055	AL-RT
Ford	Galaxy	5	1995	→	2005	Barre lungitudinali	SI		600	526	626	830	930			530		● ○			SI
Ford	Galaxy	5	2006	→	2010	Profili a T	SI	406	600	526	626	830	930								AL-AB
Ford	Galaxy	5	2010	→	2015	Profili integrati	SI	653	601	520	620			865	965						AL-AB
Ford	Galaxy	5	2015	→		Profili integrati	SI		601	507	607			857	957		730				AL-AB-AA-2B
Ford	KA+	5	2016	→		Tetto nudo	NV												044	044	AL
Ford	Ka+ Active	5	2018	→		Barre lungitudinali	SI		600							515					NV
Ford	Kuga	5	2008	→	2013	Barre lungitudinali	SI		600	520	620	830	930			515		● ○			AL-2B
Ford	Kuga	5	2013	→	2020	Tetto nudo	SI	332	500	526	626										AL-AB-2B
Ford	Kuga	5	2013	→	2020	Barre lungitudinali	SI		600	526	626	830	930			530		● ○			AL-AB-2B
Ford	Kuga	5	2020	→		Profili integrati	SI		601	520	620			865	965		730				NV
Ford	Mondeo	4	2007	→	2014	Tetto nudo		223	500	520	620										SI
Ford	Mondeo SW	5	1993	→	2000	Barre lungitudinali	SI		600	507	607	815	915			515		● ○			AL-AB
Ford	Mondeo SW	5	2001	→	2007	Barre lungitudinali	SI		600	507	607	815	915			515		● ○			AL-2B-RT
Ford	Mondeo SW	5	2007	→	2014	Barre lungitudinali	SI		600	513	613	815	915			515		● ○			AL-AB-2B
Ford	Mondeo SW	5	2012	→	2014	Profili integrati	SI	414	600 / 601	526 / 507	626 / 607	830	930	857	957		715				AL-AB-2B
Ford	Mondeo SW	5	2014	→		Profili integrati	SI		601	507	607			857	957		715				NO
Ford	Puma	5	2020	→		Tetto nudo	NV	378	500	513	613										NV
Ford	Puma	5	2020	→		Profili integrati	SI		601	507	607			857	957		715				NV
Ford	Ranger	4	2012	→	2015	Barre lungitudinali	SI		600	526	626	830	930			530		● ○			NO
Ford	Ranger	4	2016	→		Barre lungitudinali	SI		600	526	626	830	930			530		● ○			NO
Ford	Sierra II	5	1987	→	1993	Punti fissi	SI												028	028	NO
Ford	S-Max	5	2006	→	2015	Punti fissi	SI	118	500	526	626										AL-AB-2B
Ford	S-Max	5	2015	→		Tetto nudo	NO	335	500	542	642										AL-AB-2B
Ford	S-Max	5	2015	→		Profili integrati	SI		601	513	613			865	965		730				AL-AB-2B
Honda	 Honda																				
Honda	Accord SW (CE)	5	1994	→	1997	Barre lungitudinali	SI		600	507	607	815	915			515		● ○			NO
Honda	Accord SW (CF-CM)	5	1998	→	2009	Barre lungitudinali	SI		600	520	620	830	930			515		● ○			NO
Honda	Accord SW (CW)	5	2010	→	2015	Barre lungitudinali	SI		600	520	620	830	930			515		● ○			NO
Honda	Civic (FN)	5	2006	→	2012	Tetto nudo	NO	284	500	513	613								035	035	NO
Honda	Civic (FN)	5	2006	→	2012	Tetto nudo	SI												035	035	NO
Honda	Civic Shuttle (EE)	5	1988	→	1996	Barre lungitudinali	SI		600	520	620	830	930					● ○			NO
Honda	Civic SW (FK)	5	2014	→																	AA-AB-AL-2B
Honda	Civic SW	5	1997	→	2013	Barre lungitudinali	SI		600	507	607	815	915					● ○			NO
Honda	CR-V (RD)	5	1996	→	2002	Barre lungitudinali	SI		600	520	620	815	915			515		● ○			NO
Honda	CR-V (RE)	5	2007	→	2012																AL-AB-RT
Honda	CR-V (RE)	5	2012	→																	AL-AB-RT
Honda	FR-V (BE)	5	2004	→	2011	Barre lungitudinali	SI		600	542	642					530					NO
Honda	Jazz (GD)	5	2002	→	2008	Tetto nudo	SI												035	035	AL
Honda	Jazz (GE)	5	2009	→	2013	Tetto nudo	SI	306	500	520	620										AL
Honda	Odyssey (RA)	5	1995	→	1999	Barre lungitudinali	SI		600	520	620	830	930					● ○			NV
Honda	Odyssey (RL)	5	2003	→	2008	Barre lungitudinali	SI		600	526	626	830	930			530		● ○			NO
Honda	Pilot (YF)	5	2001	→	2015	Barre lungitudinali	SI		600	542	642	830	930			530		● ○			NO
Honda	Z	3	1999	→	2002	Barre lungitudinali	SI		600	520	620	830	930					● ○			NO
Hyundai	 Hyundai																				
Hyundai	Atos (MX)	5	1997	→	2008	Barre lungitudinali	SI		600	507	607	815	915			515		● ○			SI
Hyundai	Atos Prime (MX)	5	1997	→	2008	Tetto nudo	NV												044	044	SI
Hyundai	Avante SW	5	1996	→	2000	Barre lungitudinali	SI		600	507	607	815	915			515		● ○			NO
Hyundai	Getz (TB)	5	2002	→	2011																SI
Hyundai	Getz Cross (TB)	5	2006	→	2011	Barre lungitudinali	SI		600	507	607	815	915			515		● ○			NO
Hyundai	H-1	3-4	1997	→	2007	Barre lungitudinali	SI		600	507	607	815	915			515		● ○			NO
Hyundai	H-1	3-4	2008	→		Barre lungitudinali	SI		600	507	607	815	915			515		● ○			SI
Hyundai	i10   (PA)	5	2007	→	2013	Tetto nudo													023	057	AL-RT
Hyundai	i10  (IA-BA)	5	2014	→	2020	Tetto nudo	NO	316	500	513	613								055	055	AL-RT
Hyundai	i10 (AC3)	5	2020	→		Tetto nudo	NV	351	500	513	613									036	NV
Hyundai	i20   (PB)	5	2008	→	2014	Tetto nudo	SI	237	500	513	613								025	059	AL-RT
Hyundai	i20  (GB)	5	2015	→	2020	Punti fissi	SI	128	500	507	607								009	040	AL
Hyundai	i20 (BC3)	5	2021	→		Tetto nudo	NV	379	500	513	613										AL
Hyundai	i20 Active (GB)	5	2015	→		Barre lungitudinali	SI		600	520	620	815	915			530		● ○			NO
Hyundai	i30 (FD)	3-5	2007	→	2012	Punti fissi	SI	128	500	507	607								009	009	AL-RT
Hyundai	i30 (GD)	3-5	2012	→	2017	Punti fissi	SI	128	500	507	607								009	009	AL-2B
Hyundai	i30 (PD)	5	2017	→		Punti fissi	SI	128	500	507	607								009	040	SI
Hyundai	i30 SW (FD)	5	2008	→	2012	Barre lungitudinali	SI		600	520	620	815	915			515		● ○			NO
Hyundai	i30 SW (PD)*** 	5	2017	→		Profili integrati	SI	656	601	507	607			857	957		715				NO
Hyundai	ix20 (JC)	5	2010	→	2019	Tetto nudo	SI	259	500	520	620								035	035	SI
Hyundai	ix35  (LM)	5	2010	→	2015	Tetto nudo	SI	266	500	520	620										AL-RT
Hyundai	ix35  (LM)	5	2010	→	2015	Barre lungitudinali	SI		600	520	620	830	930			530		● ○			AL-RT
Hyundai	ix35  (LM)***	5	2010	→	2015	Profili integrati	SI	656	601	507	607			857	957		730				AL-RT
Hyundai	ix35 (LM)***	5	2010	→	2015	Profili integrati	SI	416	600	526	626	830	930								AL-RT
Hyundai	Kona	5	2017	→		Profili integrati	SI	420	600	526	626	830	930								NV
Hyundai	Lantra SW (J-2)	5	1996	→	2000	Barre lungitudinali	SI		600	507	607	815	915			515		● ○			SI
Hyundai	Matrix (FC)	5	2001	→	2010	Barre lungitudinali	SI		600	507	607	815	915			515		● ○			NO
Hyundai	Santa Fe  (SM)	5	2000	→	2005	Barre lungitudinali	SI		600	520	620	815	915			515		● ○			AL
Hyundai	Santa Fe (CM)	5	2006	→	2012	Barre lungitudinali	SI		600	520	620	830	930			515		● ○			AL
Hyundai	Santa Fe (DM)	5	2013	→	2018	Profili integrati	SI		601	507	607			857	957		730				NV
Hyundai	Terracan (HP)	5	2001	→	2007	Barre lungitudinali	SI		600	526	626	830	930			530		● ○			NO
Hyundai	Traject (FO)	5	2000	→	2008	Barre lungitudinali	SI		600	520	620	815	915			515		● ○			NO
Hyundai	Tucson (JM)	5	2004	→	2009	Barre lungitudinali	SI		600	513	613	815	915			515		● ○			AL
Hyundai	Tucson (TL)*** 	5	2015	→	2017	Profili integrati	SI	656	601	507	607			857	957		730				NV
Infiniti	 Infiniti																				
Infiniti	EX	5	2008	→	2013	Barre lungitudinali	SI		600	520	620	830	930					● ○			NO
Infiniti	EX30D	5	2012	→	2014	Barre lungitudinali	SI		600	513	613	815	915					● ○			NO
Infiniti	FX	5	2009	→	2014	Barre lungitudinali	SI		600	520	620	815	915			530		● ○			NO
Infiniti	Q50	4	2013	→																	SI
Infiniti	Q70	4	2014	→																	AB
Infiniti	QX30	5	2016	→		Profili integrati	SI		601	507	607			857	957						NO
Infiniti	QX70	5	2013	→	2017	Barre lungitudinali	SI		600	526	626	830	930			515					NO
Infiniti	QX70	5	2017	→		Barre lungitudinali	SI		600	520	620	815	915					● ○			NO
Isuzu	 Isuzu																				
Isuzu	D-Max	4	2012	→		Barre lungitudinali	SI		600							530					NO
Jaguar	 Jaguar																				
Jaguar	E-Pace (X540)	5	2017	→		Profili integrati	SI		601	513	613			865	965		730				NO
Jaguar	F-Pace (X761)	5	2016	→		Profili integrati	SI		601	513	613			865	965		730				NO
Jaguar	S Type (X200)	4	2004	→	2008																SI
Jaguar	X Type (X400)	4	2001	→	2009																SI
Jaguar	X Type SW (X400)	5	2004	→	2009																AL
Jaguar	XF SW (X250)	5	2012	→	2016	Profili integrati	SI		601	507	607			857	957		730				NV
Jaguar	XJ (X350)	4	2003	→	2007																SI
Jaguar	X-Type SW	5	2003	→	2009	Barre lungitudinali	SI		600	520	620	815	915			530		● ○			AL
Jeep	 Jeep																				
Jeep	Cherokee  (XJ)	5	1984	→	2001	Profili a T	SI	406	600	542	642	830	930								AL
Jeep	Cherokee (KJ)	5	2001	→	2008	Barre lungitudinali	SI		600	520	620	830	930			515		● ○			AL
Jeep	Cherokee (KK)	5	2008	→	2013	Barre lungitudinali	SI		600	542	642	830	930			530		● ○			AL
Jeep	Cherokee (KL)	5	2013	→		Barre lungitudinali	SI									515					NO
Jeep	Commander (XK)	5	2006	→	2010																AL
Jeep	Compass (MP)	5	2017	→		Profili integrati	SI	654	601	507	607			857	957		715				NO
Jeep	Grand Cherokee   (ZJ)	5	1992	→	1998	Barre lungitudinali	SI		600	520	620	830	930			515		● ○			NO
Jeep	Grand Cherokee  (WJ)	5	1999	→	2004	Barre lungitudinali	SI		600	513	613	815	915			515		● ○			NO
Jeep	Grand Cherokee (WK)	5	2005	→	2011	Barre lungitudinali	SI		600	526	626	830	930			515		● ○			AL
Jeep	Grand Cherokee (WK2)	5	2011	→																	AA-AL-AB-2B
Jeep	Patriot (74)	5	2007	→	2012	Barre lungitudinali	SI		600	520	620	830	930			515		● ○			AL-AB
Jeep	Renegade (BU)	5	2014	→		Tetto nudo	SI	329	500	526	626										NO
Jeep	Renegade (BU)	5	2014	→		Barre lungitudinali	SI		600	526	626	830	930			530		● ○			NO
Jmc	 Jmc																				
Jmc	Landwind  	5	2005	→		Barre lungitudinali	SI		600	507	607	815	915					● ○			NO
Kia	 Kia																				
Kia	Carens (FJ)	5	2002	→	2006	Barre lungitudinali	SI		600	507	607	815	915			515		● ○			AL
Kia	Carens (RP)	5	2013	→	2018	Tetto nudo	NO	324	500	526	626										NO
Kia	Carnival (UP-GQ)	5	1998	→	2006	Barre lungitudinali	SI		600	520	620	815	915			515		● ○			NO
Kia	Carnival (VQ)	5	2006	→	2014	Barre lungitudinali	SI		600	520	620	830	930			515		● ○			AL
Kia	Cee'd  (ED)	3-5	2006	→	2012	Punti fissi	SI	128	500	507	607								009	009	AL-RT
Kia	Cee'd  (JD) (Panoramic)	5	2012	→	2018	Tetto nudo	SI	296	500	526	626										NO
Kia	Cee'd  (JD)	3-5	2012	→	2018	Punti fissi	NO	128	500	507	607								009	009	NO
Kia	Cee'd (CD)	5	2018	→		Punti fissi	SI	128	500	507	607								009	040	NV
Kia	Cee'd SW  (ED)	5	2007	→	2012	Barre lungitudinali	SI		600	520	620	815	915			515		● ○			AL-2B
Kia	Cee'd SW  (JD)	5	2012	→	2017	Profili integrati	SI	656	601	507	607			857	957		715				NO
Kia	Cee'd SW (CD)*** 	5	2018	→		Profili integrati	SI	656	601	507	607			857	957		715				AL
Kia	Clarus (K9A)	5	1996	→	2001	Barre lungitudinali	SI		600	520	620	830	930					● ○			NO
Kia	Grand Carnival (VQ)	5	2006	→	2014	Barre lungitudinali	SI		600	520	620	830	930					● ○			NO
Kia	Niro ***	5	2016	→		Profili integrati	SI	656	601	507	607			857	957		730				AL-2B
Kia	Optima SW (JF)*** 	5	2017	→		Profili integrati	SI	656	601	507	607			857	957		715				AB-2B
Kia	Picanto (BA)	5	2004	→	2011	Tetto nudo	NO												044	044	AL
Kia	Picanto (JA)	5	2017	→		Tetto nudo	NV	380	500	507	607										AL
Kia	Picanto (TA)	5	2011	→	2017	Tetto nudo		293	500	507	607								025	059	AL-2B
Kia	Rio (UB)	5	2011	→	2017	Tetto nudo		260	500	513	613								036	036	SI
Kia	Rio (YB)	5	2017	→		Tetto nudo	SI	341	500	513	613										SI
Kia	Rio SW (DC)	5	2000	→	2005	Barre lungitudinali	SI		600	507	607	815	915			515		● ○			NO
Kia	Sorento  (JC)	5	2002	→	2009	Barre lungitudinali	SI		600	520	620	815	915			515		● ○			AL
Kia	Sorento  (XM)	5	2009	→	2014	Barre lungitudinali	SI		600	526	626	830	930			530		● ○			AL
Kia	Sorento (UM)	5	2015	→	2020	Profili integrati	SI		601	507	607			857	957		715				NO
Kia	Soul (AM)	5	2008	→	2013	Barre lungitudinali	SI		600	520	620	830	930			530		● ○			AL-RT
Kia	Soul (PS)*** 	5	2014	→		Profili integrati	SI	656	601	507	607			857	957		730				AL-RT-2B
Kia	Soul	5	2014	→		Punti fissi	NV	128	500	513	613								009	040	AL-RT-2B
Kia	Sportage   (JA)	3-5	1994	→	2004	Barre lungitudinali	SI		600	513	613	815	915			515		● ○			NO
Kia	Sportage   (JE)	5	2004	→	2010	Barre lungitudinali	SI		600	520	620	830	930			515		● ○			RT
Kia	Sportage   (SL)***	5	2010	→	2016	Profili integrati	SI	656	601	507	607			857	957		730				RT
Kia	Sportage  (SL)***	5	2010	→	2016	Profili integrati	SI	416	600	526	626	830	930								RT
Kia	Sportage (QL)***	5	2016	→		Profili integrati	SI	656	601	507	607			857	957		730				AB-2B
Kia	Stonic (YB)	5	2017	→		Barre lungitudinali	SI	655	601	507	607			857	957	515					AB
Kia	Venga (YN)	5	2010	→	2019	Tetto nudo	SI	259	500	520	620								035	035	AL
Lada	 Lada																				
Lada	111 SW	5	1998	→		Barre lungitudinali	SI		600	507	607	815	915			515		● ○			NO
Lada	2102 Niva	5	1984	→		Barre lungitudinali	SI		600	520	620	830	930					● ○			NO
Lada	2104 Niva	5	1984	→		Barre lungitudinali	SI		600	520	620	830	930					● ○			NO
Lancia	 Lancia																				
Lancia	Delta	5	2008	→	2014	Tetto nudo	SI	233	500	520	620								035	035	NO
Lancia	Kappa	4	1994	→	2001	Tetto nudo	SI												027	027	SI
Lancia	Lybra	4	1999	→	2005																AL-RT
Lancia	Lybra SW	5	1999	→	2005																AL
Lancia	Musa	5	2004	→	2012	Punti fissi	NO	117	500	507	607								017	017	AB
Lancia	Musa	5	2004	→	2012	Barre lungitudinali	SI		600	520	620	830	930			530		● ○			AB
Lancia	Phedra	5	2002	→	2010	Tetto nudo		304	500	542	642										NO
Lancia	Phedra	5	2002	→	2010	Profili a T	SI	406	600	542	642	830	930								NO
Lancia	Thema	4	1984	→	1994	Tetto nudo													034		SI
Lancia	Thema	4	2011	→	2014																RT
Lancia	Y	3	1996	→	2003	Tetto nudo													016		NO
Lancia	Ypsilon I	3	2003	→	2011	Tetto nudo	NO	218	500	507	607								043	043	RT
Lancia	Ypsilon II	5	2011	→		Tetto nudo	NO	249	500	520	620								065	065	NO
Lancia	Ypsilon II	5	2011	→		Tetto nudo	SI												065	065	NO
Lancia	Zeta	5	1995	→	2002	Profili a T	SI	406	600	526	626	830	930								NO
Land Rover	 Land Rover																				
Land Rover	Discovery	5	1996	→	2004	Barre lungitudinali	SI		600	542	642					530					NO
Land Rover	Discovery	5	2004	→	2010	Barre lungitudinali	SI		600	526	626	830	930			530		● ○			AL-AB-RT
Land Rover	Discovery	5	2010	→	2017	Profili a T	SI	406	600	520	620	830	930								NO
Land Rover	Discovery	5	2017	→		Barre lungitudinali	SI		601	520	620			865	965		730				NO
Land Rover	Discovery Sport (L550)	5	2015	→		Tetto nudo	NV	367	500	526	626										NV
Land Rover	Discovery Sport (L550)	5	2015	→		Barre lungitudinali	SI		600	526	626	830	930			530		● ○			NO
Land Rover	Discovery Sport	5	2015	→		Barre lungitudinali	SI		601	507	607			857	957		730				NO
Land Rover	Evoque (L538)	5	2011	→	2018	Tetto nudo	NO	303	500	526	626										NO
Land Rover	Evoque (L538)	5	2011	→	2018	Barre lungitudinali	SI		600	526	626	830	930			530		● ○			NO
Land Rover	Freelander I	5	1998	→	2006	Barre lungitudinali	SI		600	507	607	815	915			515		● ○			NO
Land Rover	Freelander II	5	2006	→	2016	Tetto nudo		255	500	520	620										AL
Land Rover	Freelander II	5	2006	→	2016	Barre lungitudinali	SI		600	520	620	830	930			530		● ○			AL
Land Rover	Range II	5	1994	→	2002	Punti fissi	SI	213	500	513	613										NO
Land Rover	Velar	5	2017	→		Profili integrati	SI		601	513	613			865	965		730				NV
Lexus	 Lexus																				
Lexus	GS (L1)	4	2011	→	2016																2B
Lexus	IS (E1)	4	1998	→	2005																2B
Lexus	NX (Z1)	5	2015	→		Profili integrati	SI		601	507	607			857	957		715				NV
Lexus	RC (C1)	3	2014	→																	AB
Lexus	RX  (U3)	5	2003	→	2009	Barre lungitudinali	SI		600	520	620	830	930			515		● ○			AL
Lexus	RX (L1)	5	2009	→	2015	Barre lungitudinali	SI		600	520	620	830	930			515		● ○			NO
Lexus	RX (L2)	5	2016	→		Profili integrati	SI		601	507	607			857	957		730				NO
Lexus	UX	5	2019	→		Profili integrati	SI		601	507	607			857	957		715				NO
Mahindra	 Mahindra																				
Mahindra	Goa	5	2002	→		Barre lungitudinali	SI		600	526	626	830	930			530		● ○			NO
Maserati	 Maserati																				
Maserati	Levante	5	2016	→		Profili integrati	SI		601	513	613			865	965						NO
Mazda	 Mazda																				
Mazda	121 (JASM-JBSM)	3	1996	→	2001	Punti fissi	SI												028	028	NV
Mazda	121 (JASM-JBSM)	5	1996	→	2001	Tetto nudo													025	025	NV
Mazda	2 (DE)	3-5	2007	→	2015	Punti fissi	SI	128	500	507	607								009	009	AL-RT
Mazda	2 (DL-DJ)	5	2015	→		Tetto nudo		333	500	513	613										AL-2B
Mazda	3 (BK)	4-5	2004	→	2009	Punti fissi	SI	128	500	507	607								009	040	NO
Mazda	3 (BL)	4-5	2009	→	2013	Punti fissi	SI	128	500	507	607								009	040	NO
Mazda	3 (BM)	5	2013	→	2019	Tetto nudo		307	500	520	620								071	071	NO
Mazda	3 (BP)	5	2019	→		Punti fissi	SI	127	500	513	613										NO
Mazda	5 (CR-CW)	5	2005	→	2015	Punti fissi	SI	128	500	507	607								009	009	AL-RT
Mazda	5 (CR-CW)	5	2005	→	2015	Barre lungitudinali	SI		600	520	620	815	915			515		● ○			AL-RT
Mazda	6 (GH)	4	2007	→	2012	Punti fissi	SI	128	500	507	607								009	009	AL-RT
Mazda	6 (GJ-GL)	4	2013	→																	SI
Mazda	6 SW  (GY)	5	2002	→	2008	Barre lungitudinali	SI		600	520	620	815	915			515		● ○			AL-RT
Mazda	6 SW (GH)	5	2008	→	2013	Barre lungitudinali	SI		600	513	613	815	915			515		● ○			AL-RT
Mazda	6 SW (GJ-GL)	5	2013	→		Barre lungitudinali	SI		600	520	620	830	930			515		● ○			AL
Mazda	626 SW (GV)	5	1988	→	1997	Barre lungitudinali	SI		600	507	607	815	915			515		● ○			NO
Mazda	626 SW (GW)	5	1998	→	2002	Barre lungitudinali	SI		600	520	620	830	930					● ○			NO
Mazda	CX-3 (DK)	5	2015	→		Tetto nudo		320	500	513	613										NO
Mazda	CX-30 (DM)	5	2020	→		Tetto nudo	NV	381	500	520	620										NV
Mazda	CX-5 (KE)	5	2012	→	2017	Punti fissi	SI	128	500	513	613								009	040	AL-RT-2B
Mazda	CX-7 (ER)	5	2006	→	2012	Punti fissi	SI	128	500	520	620										AL
Mazda	Demio (DW)	5	1998	→	2003	Barre lungitudinali	SI		600	520	620	815	915			515		● ○			NO
Mazda	MPV (LV)	5	1995	→	1999	Barre lungitudinali	SI		600	520	620	830	930			515		● ○			NO
Mazda	MPV (LW)	5	1999	→	2005	Profili a T	SI	406	600	526	626	830	930								NO
Mazda	MX-30 (DR)	5	2021	→		Tetto nudo	NV	382	500	526	626										NV
Mazda	Premacy (CP)	5	1999	→	2004	Barre lungitudinali	SI		600	520	620	815	915			515		● ○			SI
Mazda	Tribute (EP)	5	2000	→	2004	Barre lungitudinali	SI		600	520	620	815	915			530		● ○			NO
Mercedes	 Mercedes																				
Mercedes	190 (W201)	4	1982	→	1993	Tetto nudo													024	024	NO
Mercedes	200-230-300TE	5	1985	→	1995	Barre lungitudinali	SI		600	526	626	830	930					● ○			NO
Mercedes	Citan (W415)	3-5	2012	→		Punti fissi	SI	102	500	513	613								006	002	NV
Mercedes	CLA (C117)	4	2013	→	2019	Punti fissi	SI	115	500	507	607								012	012	NO
Mercedes	CLA Shooting Brake (X117)	5	2015	→	2019	Punti fissi	SI	115	500	507	607								012	012	NO
Mercedes	CLA Shooting Brake (X118)	5	2019	→		Punti fissi	SI	115	500	507	607									012	NO
Mercedes	Classe A (W168)	5	1997	→	2004	Tetto nudo		228	500	507	607								025	059	NO
Mercedes	Classe A (W169)	3-5	2004	→	2012	Punti fissi	SI	113	500	513	613								013	013	AL-2B-RT
Mercedes	Classe A (W176)	5	2012	→	2018	Punti fissi	SI	115	500	507	607								012	012	NO
Mercedes	Classe A (W177)	5	2018	→		Punti fissi	SI	115	500	507	607								012	012	NO
Mercedes	Classe A Sedan (V177)	4	2019	→		Punti fissi	SI	131	500	507	607									099	NV
Mercedes	Classe B (W245)	5	2005	→	2011	Punti fissi	SI	113	500	513	613								013	013	SI
Mercedes	Classe B (W246)	5	2011	→	2018	Punti fissi	SI	115	500	513	613								012	042	NO
Mercedes	Classe B (W247)	5	2019	→		Punti fissi	SI	115	500	513	613								012	042	NV
Mercedes	Classe C (W202)	4	1993	→	2000	Tetto nudo													024	024	NO
Mercedes	Classe C (W203)	4	2000	→	2007	Tetto nudo													024	024	SI
Mercedes	Classe C (W204)	4	2007	→	2013	Punti fissi	SI	106	500	513	613								012	042	SI
Mercedes	Classe C (W205)	4	2014	→		Punti fissi	SI	106	500	513	613								012	042	SI
Mercedes	Classe C Coupè (C204)	2	2011	→	2015	Punti fissi	SI	106	500	507	607								012	012	NO
Mercedes	Classe C Coupè (C205)	2	2016	→		Punti fissi	SI	106	500	507	607										NV
Mercedes	Classe C SW (S202)	5	1993	→	2000	Barre lungitudinali	SI		600	520	620	815	915			515		● ○			NO
Mercedes	Classe C SW (S203)	5	2001	→	2007	Barre lungitudinali	SI		600	513	613	815	915			515		● ○			AL
Mercedes	Classe C SW (S204)	5	2007	→	2014	Barre lungitudinali	SI		600	520	620	815	915			515		● ○			AL
Mercedes	Classe C SW (S205)	5	2015	→		Profili integrati	SI		601	507	607			857	957		715				AA-RT-2B
Mercedes	Classe E (W210)	4	1995	→	2002	Tetto nudo													024	024	NO
Mercedes	Classe E (W211)	4	2002	→	2009	Punti fissi	SI	112	500	513	613										NO
Mercedes	Classe E (W212)	4	2009	→	2016	Punti fissi	SI	106	500	513	613									042	NO
Mercedes	Classe E Coupè (C207)	2	2009	→	2016	Punti fissi	SI	106	500	507	607								012	012	NO
Mercedes	Classe E SW (S124)	5	1985	→	1995	Barre lungitudinali	SI		600	520	620	830	930					● ○			NO
Mercedes	Classe E SW (S210)	5	1996	→	2002	Barre lungitudinali	SI		600	520	620	815	915			515		● ○			SI
Mercedes	Classe E SW (S211)	5	2002	→	2009	Barre lungitudinali	SI		600	520	620	815	915			530		● ○			AL-AA
Mercedes	Classe E SW (S212)	5	2009	→	2016	Barre lungitudinali	SI		600	526	626	830	930			515		● ○			NO
Mercedes	Classe E SW (S213)	5	2017	→		Profili integrati	SI		601	507	607			857	957		730				NO
Mercedes	Classe R (W251)	5	2005	→	2013	Punti fissi	SI	106	500	520	620										SI
Mercedes	Classe S (W221)	4	2005	→	2013	Punti fissi	SI	106	500	520	620										NO
Mercedes	Classe X (470)	5	2017	→		Barre lungitudinali	SI		600	520	620	815	915			515		● ○			NO
Mercedes	CLS  (C218)	4	2010	→	2018	Punti fissi	SI	106	500	520	620										NO
Mercedes	CLS (C219)	4	2004	→	2010	Punti fissi	SI	106	500	520	620										NO
Mercedes	CLS Shooting Brake (X218)	5	2011	→	2018	Punti fissi	SI	106	500	520	620										NO
Mercedes	GL (X164)	5	2006	→	2015	Barre lungitudinali	SI		600	526	626	830	930			530		● ○			NO
Mercedes	GLA  (X156)	5	2014	→	2020	Profili integrati	SI		601	507	607			857	957		715				NO
Mercedes	GLA (H247)	5	2020	→		Profili integrati	SI		601	507	607			857	957		730				NV
Mercedes	GLB (X247)	5	2020	→		Barre lungitudinali	SI		600	526	626	830	930			530		● ○			NV
Mercedes	GLC (X253)	5	2015	→		Profili integrati	SI		601	507	607			857	957		715				NO
Mercedes	GLE  (W166)	5	2015	→	2019	Barre lungitudinali	SI		600	542	642	830	930			530					NO
Mercedes	GLE (V167)	5	2019	→		Barre lungitudinali	SI		600	542	642	830	930			530					NO
Mercedes	GLE Coupè (C292)	5	2015	→	2019	Punti fissi	SI	115	500	526	626										NO
Mercedes	GLK (X204)	5	2008	→	2015	Barre lungitudinali	SI		600	526	626	830	930			515		● ○			NO
Mercedes	GLS (X166)	5	2016	→		Barre lungitudinali			600	542	642	830	930			530		● ○			NO
Mercedes	ML (W163)	5	1997	→	2005	Barre lungitudinali	SI		600	542	642	830	930			530		● ○			NO
Mercedes	ML (W164)	5	2005	→	2011	Barre lungitudinali	SI		600	542	642	830	930			530		● ○			AA-AL-AB
Mercedes	ML (W166)	5	2011	→	2015	Barre lungitudinali	SI		600	526	626	830	930			530		● ○			NO
Mercedes	Vaneo (W414)	5	2002	→	2005	Barre lungitudinali	SI		600	542	642	830	930			530		● ○			NO
Mercedes	Viano (W639)	3-5	2003	→	2013	Barre lungitudinali	SI		600	542	642					530					AL-RT
Mercedes	Vito  (W447)	5	2014	→		Barre lungitudinali	SI		600	542	642					530					NO
Mercedes	Vito (W638)	3-5	1996	→	2003	Barre lungitudinali	SI		600	542	642					530					NO
Mercedes	Vito (W638)	3-5	1996	→	2003	Profili a T	SI	406	600	542	642										NO
Mercedes	Vito (W639)	5	2003	→	2013	Barre lungitudinali	SI		600	542	642					530					NO
MG	 MG																				
MG	ZT-T SW	5	2002	→	2005	Barre lungitudinali	SI		600	507	607	815	915			515		● ○			NO
Mini	 Mini																				
Mini	Clubman  (R55)	5	2009	→	2014	Barre lungitudinali	SI		600	507	607	815	915			515					NO
Mini	Clubman (F54) ***	5	2015	→		Tetto nudo	SI	342	500	520	620								036	036	NO
Mini	Clubman (F54)	5	2016	→		Profili integrati			601	507	607			857	957		730				NO
Mini	Cooper (F55-F56) ***	5	2014	→		Tetto nudo	SI	342	500	513	613										NO
Mini	Cooper (F55-F56)	3-5	2014	→		Profili integrati			601	507	607			857	957		730				NO
Mini	Countryman  (R60)	5	2010	→	2017	Profili integrati	SI		601	507	607			857	957		715				NO
Mini	Countryman (F60)	5	2017	→		Barre lungitudinali	SI		600 / 601	520 / 507	620 / 607	815	915	857	957	515	715	● ○			NO
Mini	Paceman (R61)	3	2013	→	2017	Profili integrati			601	507	607			857	957		730				NO
Mitsubishi	 Mitsubishi																				
Mitsubishi	ASX (GA0)	5	2010	→		Punti fissi	SI	128	500	513	613								009	040	SI
Mitsubishi	ASX (GA0)	5	2010	→		Profili integrati	SI	651	601	507	607			857	957		730				SI
Mitsubishi	Attrage	4	2014	→																	SI
Mitsubishi	Colt (Z230)	3-5	2004	→	2008																SI
Mitsubishi	Colt (Z230)	3-5	2009	→	2012																AL-RT
Mitsubishi	Eclipse Cross (GK)	5	2018	→		Profili integrati	SI	651	601	507	607			857	957		730				NV
Mitsubishi	Galant SW (E50)	5	1992	→	1996	Barre lungitudinali	SI		600	507	607	815	915			515		● ○			NO
Mitsubishi	Galant SW (EA0)	5	1997	→	2002	Barre lungitudinali	SI		600	507	607	815	915			515		● ○			NO
Mitsubishi	Grandis (NA) 	5	2003	→	2011	Barre lungitudinali	SI		600	520	620	830	930			515		● ○			NV
Mitsubishi	L200 Double Cab (K6)	4	1996	→	2005	Tetto nudo		255	500	520	620										NO
Mitsubishi	L200 Double Cab (KA0T)	4	2006	→	2015	Tetto nudo		271	500	513	613										NO
Mitsubishi	L200 Double Cab (KJ)	4	2016	→		Punti fissi	SI	125	500	507	607									086	NO
Mitsubishi	L200 Single Cab (KJ)	2	2016	→		Punti fissi	SI	125	500	507	607									086	NO
Mitsubishi	Lancer (CY0-CX)	4-5	2008	→		Punti fissi	SI	128	500	513	613								009	040	NO
Mitsubishi	Lancer Evo 10	4	2008	→	2016	Punti fissi	SI	128	500	513	613								009	040	NO
Mitsubishi	Outlander   (CU)	5	2003	→	2007	Barre lungitudinali	SI	411	600	542	642					515					NO
Mitsubishi	Outlander (CW)	5	2005	→	2012	Barre lungitudinali	SI		600	520	620	830	930			530		● ○			AL
Mitsubishi	Outlander (GG-GF)	5	2013	→		Profili integrati	SI	651	601	513	613			865	965		730				AL
Mitsubishi	Pajero (V20)	5	1991	→	1999	Barre lungitudinali	SI		600	526	626	830	930			515		● ○			NO
Mitsubishi	Pajero (V60)	5	2000	→	2006	Barre lungitudinali			600	520	620	830	930			530		● ○			NO
Mitsubishi	Pajero (V80)	3-5	2006	→		Barre lungitudinali			600	520	620	830	930			530		● ○			NO
Mitsubishi	Pajero (V80)	5	2006	→		Tetto nudo		291	500	526	626										NO
Mitsubishi	Pajero Pinin (V60)	5	1999	→	2007	Barre lungitudinali	SI		600	513	613	815	915			515		● ○			NO
Mitsubishi	Pajero Sport (K90)	5	1998	→	2006	Tetto nudo		255	500	520	620								035	035	NO
Mitsubishi	Pajero Sport (K90)	5	1998	→	2008	Barre lungitudinali	SI		600	520	620	830	930			515		● ○			NO
Mitsubishi	Pajero Sport (KH-KG)	5	2009	→	2016	Barre lungitudinali	SI		600	507	607	815	915			515		● ○			NO
Mitsubishi	Sigma SW (F0)	5	1993	→	1997	Barre lungitudinali	SI		600	507	607	815	915			515		● ○			NO
Mitsubishi	Space Runner (N1-N2)	5	1991	→	1998	Barre lungitudinali	SI		600	520	620	815	915			515		● ○			NO
Mitsubishi	Space Star  (DG0)	5	1998	→	2001	Barre lungitudinali	SI		600	520	620	830	930					● ○			AL-RT
Mitsubishi	Space Star  (DG0)	5	2002	→	2005	Barre lungitudinali	SI		600	520	620	830	930			515		● ○			AL
Mitsubishi	Space Star (A0)	5	2013	→																	AL
Mitsubishi	Space Wagon (N3-N5)	3-5	1991	→	2003	Barre lungitudinali	SI		600	520	620	815	915			515		● ○			NO
Mitsubishi	Triton Double Cab (KK-KL)	4	2016	→		Punti fissi	SI	125	500	507	607									086	NO
Mitsubishi	Triton Single Cab (KK-KL)	2	2016	→		Punti fissi	SI	125	500	507	607									086	NO
Nissan	 Nissan																				
Nissan	Almera (N15)	4	1995	→	2000	Tetto nudo													021	021	NO
Nissan	Almera (N16)	4	2000	→	2006																SI
Nissan	Almera SW (N16)	5	1999	→	2006	Barre lungitudinali	SI		600	520	620	830	930					● ○			NO
Nissan	Almera Tino (V10)	5	2000	→	2006																AL-RT
Nissan	Juke (F15)	5	2010	→	2019	Tetto nudo	NO	265	500	513	613								023	057	NO
Nissan	Juke (F15)	5	2010	→	2019	Tetto nudo	SI												023	057	NO
Nissan	Juke (F16)	5	2019	→		Tetto nudo	NV													080	NV
Nissan	Kubistar (X76)	3-5	2003	→	2009	Punti fissi	SI	102	500	507	607								006	006	NO
Nissan	Micra (K11)	3	1992	→	2003	Tetto nudo													052	052	SI
Nissan	Micra (K11)	5	1992	→	2003	Tetto nudo													025	025	SI
Nissan	Micra (K12)	3-5	2003	→	2011																AL-RT
Nissan	Micra (K13)	5	2010	→	2017	Tetto nudo	SI												023	023	SI
Nissan	Micra (K14)	5	2017	→		Tetto nudo		324	500	513	613									094	AL
Nissan	Murano (Z51)	5	2005	→	2014	Barre lungitudinali	SI		600	526	626	830	930			530		● ○			NO
Nissan	Navara  (D40)	4	2004	→	2015	Barre lungitudinali	SI		600	520	620	830	930			515		● ○			NO
Nissan	Navara (D23)	4	2016	→		Barre lungitudinali	SI		600	520	620	815	915			515		● ○			NO
Nissan	Note (E11)	5	2004	→	2014	Tetto nudo	SI												023	035	AL-RT
Nissan	Note (E12)	5	2012	→		Tetto nudo	NO	306	500	520	620										RT
Nissan	Patfhinder (R52)	5	2014	→		Barre lungitudinali	SI		600	542	642	830	930			530		● ○			NV
Nissan	Patrol (Y61)	5	1998	→	2010	Barre lungitudinali	SI		600	542	642					530					NO
Nissan	Pixo (UA0)	5	2009	→	2014	Tetto nudo	NO												033	033	AL
Nissan	Primera (P10)	5	1990	→	1996	Tetto nudo													021	021	NO
Nissan	Primera SW (P10-P11-P12)	5	1991	→	2007	Barre lungitudinali	SI		600	520	620	815	915			515		● ○			NO
Nissan	Pulsar (C13)	5	2014	→		Tetto nudo		324	500	520	620										NO
Nissan	Qashqai (J10)	5	2007	→	2014	Tetto nudo	NO	235	500	520	620										AL
Nissan	Qashqai (J10)	5	2007	→	2014	Barre lungitudinali	SI		600	526	626	830	930			515		● ○			AL
Nissan	Qashqai (J11)	5	2014	→		Tetto nudo	NV	312	500	526	626									084	NO
Nissan	Qashqai (J11)	5	2014	→		Barre lungitudinali	SI		600 / 601	526 / 507	626 / 607	830	930	857	957	530	730	● ○			NO
Nissan	Qashqai+2 (JJ10)	5	2007	→	2014	Barre lungitudinali	SI		600	526	626	830	930			530		● ○			AL
Nissan	Terrano  (WD21)	5	1986	→	1996	Barre lungitudinali	SI		600	520	620	830	930					● ○			NO
Nissan	Terrano (R20)	5	1993	→	2006	Barre lungitudinali	SI		600	520	620	815	915			515		● ○			NO
Nissan	X-Trail (T30-T31)	5	2001	→	2014	Profili a T	SI	406	600	542	642	830	930								AA-AB-AL-RT-2B
Nissan	X-Trail (T32)	5	2014	→		Barre lungitudinali	SI		600	520	620	815	915			515		● ○			NO
Opel	 Opel																				
Opel	Adam	3	2013	→	2019	Punti fissi	SI	222	500	507	607								070	069	AL-AB
Opel	Agila A	5	2000	→	2008	Barre lungitudinali	SI		600	520	620	815	915			515		● ○			AL-RT
Opel	Agila B	5	2008	→	2015	Tetto nudo	SI	237	500	507	607										AL-RT
Opel	Antara	5	2006	→	2015	Barre lungitudinali	SI		600	513	613	815	915			515		● ○			NO
Opel	Astra F	3-5	1991	→	1998	Punti fissi	SI	213	500	507	607								028	028	NO
Opel	Astra F SW	5	1991	→	1998	Barre lungitudinali	SI		600	507	607	815	915			515		● ○			NO
Opel	Astra G	3-5	1998	→	2004	Punti fissi	SI	213	500	507	607								028	028	NO
Opel	Astra G SW	5	1998	→	2004	Punti fissi	SI	213	500	507	607								028	028	SI
Opel	Astra G SW	5	1998	→	2004	Barre lungitudinali	SI		600	507	607	815	915			515		● ○			SI
Opel	Astra H	3	2004	→	2011	Punti fissi	SI	107	500	507	607								014	047	AL-2B
Opel	Astra H	5	2004	→	2011	Punti fissi	SI	107	500	507	607								014	047	AL-2B
Opel	Astra H SW	5	2004	→	2011	Punti fissi	SI	107	500	507	607								014	047	AL-2B
Opel	Astra H SW*	5	2004	→	2007	Profili integrati	SI	402	600	513	613	815	915								AL-2B
Opel	Astra H SW**	5	2007	→	2011	Profili integrati	SI	409	600 / 601	513 / 507	613 / 607	815	915	857	957		715				AL-2B
Opel	Astra J	3-5	2009	→	2015	Punti fissi	SI	222	500	507	607								070	070	AL-2B
Opel	Astra J Berlina	4	2012	→	2018	Punti fissi	SI	222	500	507	607								070	070	NV
Opel	Astra J SW	5	2010	→	2015	Profili integrati	SI	405	600 / 601	513 / 507	613 / 607	815	915	857	957		715				AL-2B
Opel	Astra K	5	2015	→		Tetto nudo	SI	328	500	520	620								065	065	NO
Opel	Astra Twin Top	2	2006	→	2011																AB
Opel	Calibra	3	1990	→	1997	Punti fissi	SI	213	500	507	607								028	028	NO
Opel	Combo C	3	2001	→	2012	Punti fissi	SI	102	500	513	613								006	002	NO
Opel	Combo D	5	2012	→	2018	Barre lungitudinali	SI		600	542	642	830	930			530		● ○			NO
Opel	Combo E	3-5	2018	→		Barre lungitudinali	SI	655	601	513	613			865	965	530	 				NV
Opel	Corsa B	3-5	1993	→	2000	Punti fissi	SI	213	500	507	607								028	028	AL
Opel	Corsa B SW	5	1993	→	2000	Barre lungitudinali	SI		600	520	620	815	915					● ○			AL
Opel	Corsa C	3-5	2000	→	2006	Punti fissi	SI	213	500	507	607								028	028	AL-RT
Opel	Corsa D	3-5	2006	→	2015	Punti fissi	SI	222	500	507	607								070	069	AL
Opel	Corsa E	3-5	2015	→	2019	Punti fissi	SI	222	500	507	607								070	069	AL
Opel	Corsa F	5	2019	→		Tetto nudo	NV	371	500	513	613								089	075	AL
Opel	Crossland X	5	2017	→		Tetto nudo	NO	348	500	520	620								065	065	NO
Opel	Crossland X	5	2017	→		Profili integrati	SI		601	507	607			857	957		715				NO
Opel	Frontera	5	1991	→	2004	Barre lungitudinali	SI		600	526	626	830	930			530		● ○			NO
Opel	Grandland X	5	2017	→		Tetto nudo	NV	365	500	520	620								075	075	NO
Opel	Grandland X	5	2017	→		Profili integrati	SI		601	507	607			857	957		715				NO
Opel	Insignia A	4	2008	→	2017	Tetto nudo	SI	287	500	526	626								065	065	SI
Opel	Insignia A SW	5	2009	→	2017	Profili integrati	SI	407	600 / 601	526 / 507	626 / 607	830	930	857	957		730				NO
Opel	Insignia B SW	5	2017	→		Profili integrati	SI		601	507	607			857	957		730				NO
Opel	Kadett E	3-5	1984	→	1991	Punti fissi	SI	213	500	520	620								028	028	NO
Opel	Kadett E SW	5	1984	→	1991	Barre lungitudinali	SI		600	507	607	815	915			515		● ○			NO
Opel	Karl	5	2015	→	2019																AL
Opel	Karl Rocks	5	2017	→	2019	Barre lungitudinali	SI		600	507	607	815	915			515		● ○			NO
Opel	Meriva A	5	2003	→	2010	Punti fissi	SI	222	500	507	607								070	069	AL-RT
Opel	Meriva B	5	2010	→	2017	Punti fissi	SI	222	500	513	613								070	069	AL
Opel	Mokka \ Mokka X	5	2013	→		Profili integrati	SI		601	507	607			857	957		715				SI
Opel	Omega A SW	5	1986	→	1994	Barre lungitudinali	SI		600	520	620	815	915			515		● ○			NO
Opel	Omega B SW	5	1994	→	2006	Barre lungitudinali	SI		600	520	620	815	915			515		● ○			SI
Opel	Signum	5	2003	→	2008	Punti fissi	SI	222	500	520	620										AL-AB-RT
Opel	Signum	5	2003	→	2008	Profili integrati	SI	402	600	526	626	830	930								AL-AB-RT
Opel	Sintra	5	1996	→	1999	Barre lungitudinali	SI		600	520	620	815	915					● ○			NO
Opel	Tigra A	3	1994	→	2000	Punti fissi	SI	213	500	507	607								028	028	NO
Opel	Tigra Twin Top	2	2003	→	2009																AL
Opel	Vectra A	4	1988	→	1995	Tetto nudo													034		SI
Opel	Vectra B SW	5	1996	→	2003	Barre lungitudinali	SI		600	507	607	815	915			515		● ○			AL
Opel	Vectra C	4	2002	→	2008	Punti fissi	SI	222	500	513	613										AB
Opel	Vectra C	5	2002	→	2008	Profili integrati	SI	402	600	526	626	830	930								AB
Opel	Zafira A	5	1999	→	2005	Barre lungitudinali	SI		600	513	613	815	915			515		● ○			AL
Opel	Zafira B *	5	2005	→	2007	Profili integrati	SI	402	600	526	626	830	930								AL
Opel	Zafira B **	5	2007	→	2014	Profili integrati	SI	409	600 / 601	520 / 507	620 / 607	830	930	857	957		730				AL
Opel	Zafira B Cosmo	5	2007	→	2011	Punti fissi	SI	107	500	513	613								014	014	AL
Opel	Zafira C (Tourer)	5	2011	→	2018	Punti fissi	SI	222	500	513	613								070	069	AL-2B
Opel	Zafira C (Tourer)	5	2011	→	2018	Profili integrati	SI	405	600 / 601	526 / 507	626 / 607	830	930	857	957		730				AL-2B
Peugeot	 Peugeot																				
Peugeot	1007	3	2005	→	2010	Tetto nudo		269	500	520	620										AL
Peugeot	1007	3	2005	→	2010	Barre lungitudinali	SI		600	526	626	830	930			530		● ○			AL
Peugeot	106	3	1991	→	2003	Tetto nudo													052	052	NO
Peugeot	106	5	1991	→	2003	Tetto nudo													025	025	NO
Peugeot	107	5	2005	→	2014	Tetto nudo	SI												021	049	NO
Peugeot	108	5	2014	→		Tetto nudo	NO	366	500	507	607								025	059	AL-AB-2B
Peugeot	108	5	2014	→		Tetto nudo	SI												025	059	AL-AB-2B
Peugeot	2008	5	2013	→	2019	Barre lungitudinali	SI		600	513	613	815	915			515		● ○			NO
Peugeot	205	5	1983	→	1998	Tetto nudo													025	025	SI
Peugeot	206	5	1998	→	2012	Tetto nudo		219	500	507	607								030	030	AL
Peugeot	206 cc	2	2000	→	2007																RT
Peugeot	206 SW	5	2002	→	2013	Barre lungitudinali	SI		600	507	607	815	915			515		● ○			AL-AA-2B
Peugeot	207	3-5	2006	→	2015	Punti fissi	SI	122	500	507	607								005	005	AL
Peugeot	207 SW	5	2007	→	2013	Barre lungitudinali	SI		600	520	620	815	915			515		● ○			AL
Peugeot	208	3	2012	→	2019	Tetto nudo	NO	275	500	513	613								066	066	AL
Peugeot	208	3	2012	→	2019	Tetto nudo	SI												066	066	AL
Peugeot	208	5	2012	→	2019	Tetto nudo	NO	274	500	513	613								065	065	AL
Peugeot	208	5	2012	→	2019	Tetto nudo	SI												065	065	AL
Peugeot	208	5	2019	→		Tetto nudo	NO	371	500	513	613								089	075	AL
Peugeot	3008	5	2009	→	2016	Punti fissi	SI	122	500	520	620									016	RT
Peugeot	3008	5	2016	→		Tetto nudo	NV	363	500	520	620								075	075	NO
Peugeot	3008***	5	2016	→		Profili integrati	SI		601	507	607			857	957		715				NO
Peugeot	306	5	1994	→	2002	Tetto nudo													026	026	NO
Peugeot	306 SW	5	1994	→	2002	Barre lungitudinali	SI		600	507	607	815	915			515		● ○			AL
Peugeot	307	3-5	2001	→	2009	Punti fissi	SI	104	500	507	607								004	004	AL
Peugeot	307 cc	2	2003	→	2009																RT
Peugeot	307 SW	5	2002	→	2008	Barre lungitudinali	SI		600	520	620	815	915			515		● ○			AL
Peugeot	308	3-5	2007	→	2013	Punti fissi	SI	122	500	513	613								004	016	SI
Peugeot	308	5	2013	→		Tetto nudo	NO	347	500	520	620								075	075	NO
Peugeot	308 SW	5	2008	→	2014	Barre lungitudinali	SI		600	520	620	815	915			515		● ○			AL-2B
Peugeot	308 SW	5	2014	→		Profili integrati	SI		601	507	607			857	957		730				AL-AA-2B
Peugeot	308 SW	5	2016	→		Tetto nudo	NO	347	500	520	620								075	075	NO
Peugeot	4007	5	2007	→	2012	Barre lungitudinali	SI		600	526	626	830	930			530		● ○			AL
Peugeot	4008	5	2012	→	2017	Punti fissi	SI	128	500	513	613								009	040	AA-AB-AL
Peugeot	4008	5	2012	→	2017	Profili integrati	SI	651	601	507	607			857	957		730				AA-AB-AL
Peugeot	405	4	1987	→	1996	Tetto nudo													027	027	NO
Peugeot	405 SW	5	1988	→	1997	Barre lungitudinali	SI		600	507	607	815	915			515		● ○			NO
Peugeot	406	4	1995	→	2005	Tetto nudo													026	026	SI
Peugeot	406 SW	5	1997	→	2005	Barre lungitudinali	SI		600	507	607	815	915			515		● ○			SI
Peugeot	407	3-4	2004	→	2012	Punti fissi	SI	122	500	507	607								005	005	SI
Peugeot	407 SW	5	2004	→	2012	Barre lungitudinali	SI		600	520	620	830	930			515		● ○			AL-RT
Peugeot	5008 (No Rails)	5	2009	→	2016	Punti fissi	SI	122	500	520	620									016	AL-RT
Peugeot	5008 ***	5	2017	→		Profili integrati	SI		601	507	607			857	957		715				NV
Peugeot	505 SW	5	1980	→	1992	Barre lungitudinali	SI		600	520	620	815	915					● ○			NO
Peugeot	508	4	2011	→	2018	Tetto nudo	NO	286	500	520	620								065	065	NO
Peugeot	508 SW  	5	2018	→		Profili integrati	SI		601	507	607			857	957		730				NV
Peugeot	508 SW / 508 RXH	5	2011	→	2018	Profili integrati	SI		601	507	607			857	957		715				NO
Peugeot	607	4	2000	→	2010																SI
Peugeot	806	5	1994	→	2002	Profili a T	SI	406	600	526	626	830	930								NO
Peugeot	807	5	2002	→	2010	Tetto nudo		304	500	542	642										NO
Peugeot	807	5	2002	→	2010	Profili a T	SI	406	600	542	642	830	930								NO
Peugeot	Bipper	3-5	2007	→		Punti fissi	SI	102	500	526	626								007	007	AL
Peugeot	Bipper	3-5	2007	→		Barre lungitudinali	SI		600	542	642	830	930			530		● ○			AL
Peugeot	Partner - Ranch	3-5	1996	→	2008	Tetto nudo		209	500	507	607								022	022	NO
Peugeot	Partner I	5	2001	→	2007	Barre lungitudinali	SI		600	507	607	815	915			515		● ○			NO
Peugeot	Partner II	3-5	2008	→	2018	Punti fissi	SI	129	500	520	620										SI
Peugeot	Partner II	5	2008	→	2018	Barre lungitudinali	SI		600	542	642					530					SI
Peugeot	Partner III/Rifter	3-5	2018	→		Barre lungitudinali	Si	655	601	513	613			865	965	530	 				NV
Porsche	 Porsche																				
Porsche	Cayenne  (9PA)	5	2002	→	2009	Barre lungitudinali	SI		600	520	620	830	930			515		● ○			NO
Porsche	Cayenne  (9PA)	5	2002	→	2009	Profili a T	SI	406	600	542	642										NO
Porsche	Cayenne (92A)	5	2010	→	2017	Barre lungitudinali	SI		600	542	642	830	930			530		● ○			NO
Porsche	Cayenne (PO536)	5	2018	→		Profili integrati	SI		601	513	613			865	965		730				NO
Porsche	Macan (95B)	5	2015	→		Profili integrati	SI		601	507	607			857	957		715				NO
Renault	 Renault																				
Renault	Alaskan	4	2016	→		Barre lungitudinali	SI		600	520	620	815	915			515		● ○			NO
Renault	Captur I	5	2013	→	2019	Tetto nudo		302	500	513	613								065	065	NO
Renault	Captur II	5	2019	→		Tetto nudo	NV													075	NV
Renault	Captur II	5	2019	→		Profili integrati	SI		601	507	607			857	957						NV
Renault	Clio I	5	1990	→	1998	Tetto nudo													029	029	NO
Renault	Clio II \ Clio Storia	5	1998	→	2005	Tetto nudo													021	021	AL
Renault	Clio III	3	2005	→	2012	Punti fissi	SI	352	500	507	607										AL-RT
Renault	Clio III	5	2005	→	2012	Punti fissi	NV	350	500	507	607								088	088	AL-RT
Renault	Clio III	5	2005	→	2012	Punti fissi	SI	350	500	507	607										AL-RT
Renault	Clio III SW	5	2005	→	2008	Barre lungitudinali	SI	412	600	526	626	830	930			515		● ○			AL
Renault	Clio III SW	5	2008	→	2013	Barre lungitudinali	SI		600	520	620	815	915			515		● ○			AL
Renault	Clio IV	5	2012	→		Tetto nudo	NO	282	500	513	613								065	065	NO
Renault	Clio IV	5	2012	→		Tetto nudo	SI												065	065	NO
Renault	Clio IV SW	5	2013	→	2020	Barre lungitudinali	SI		600	513	613	815	915			515		● ○			NO
Renault	Clio V	5	2019	→		Tetto nudo	NV	374	500	513	613								084	084	NV
Renault	Espace	5	1984	→	1990	Barre lungitudinali	SI		600	542	642	830	930			530		● ○			NO
Renault	Espace	5	1996	→	2002	Profili a T	SI	406	600	542	642	830	930								NO
Renault	Espace	5	2002	→	2014	Profili a T	SI	406	600	542	642										AL-RT
Renault	Espace	5	2015	→		Tetto nudo	SI	327	500	542	642										NO
Renault	Express	5	1992	→	1997	Barre lungitudinali	SI		600	542	642	830	930					● ○			NO
Renault	Grand Modus	5	2008	→	2013	Punti fissi	NV	301	500	513	613								051		AL-AB-2B
Renault	Grand Scenic	5	2003	→	2009	Punti fissi	SI	101	500	507	607								001	001	AL-2B-RT
Renault	Grand Scenic	5	2009	→	2016	Tetto nudo	SI	227	500	520	620										AL-2B-RT
Renault	Grand Scenic	5	2017	→		Profili integrati	SI		601	507	607			857	957		715				NO
Renault	Kadjar	5	2015	→		Profili integrati	SI		601	507	607			857	957		730				SI
Renault	Kangoo I	3-5	1998	→	2007	Punti fissi	SI	102	500	507	607								006	006	NO
Renault	Kangoo II	3-5	2008	→		Punti fissi	SI	102	500	513	613								006	002	NO
Renault	Koleos I	5	2008	→	2017	Barre lungitudinali	SI		600	520	620	830	930			530		● ○			AL-2B
Renault	Koleos II	5	2017	→		Profili integrati	SI		601	507	607			857	957		715				NO
Renault	Laguna I	5	1993	→	2001	Tetto nudo													024	044	NO
Renault	Laguna I SW	5	1996	→	2000	Barre lungitudinali	SI		600	520	620	815	915			515		● ○			AB-RT
Renault	Laguna II	5	2001	→	2007	Tetto nudo													021	049	SI
Renault	Laguna II SW	5	2001	→	2007	Barre lungitudinali	SI		600	513	613	815	915			515		● ○			AB-RT
Renault	Laguna III SW	5	2007	→	2015	Barre lungitudinali	SI	412	600	526	626	830	930			515		● ○			NO
Renault	Megane I	5	1996	→	2002	Tetto nudo													023	023	NO
Renault	Megane I SW	5	1999	→	2003	Punti fissi	SI												028		NO
Renault	Megane II	3-5	2002	→	2010	Punti fissi	SI	101	500	507	607								001	001	NO
Renault	Megane II	4	2002	→	2010	Punti fissi	SI	101	500	507	607								001	001	NO
Renault	Megane II SW	5	2003	→	2009	Barre lungitudinali	SI		600	520	620	815	915			515		● ○			AA-AL-2B
Renault	Megane III	5	2008	→	2015	Tetto nudo	NO	232	500	513	613								065	065	AL-RT
Renault	Megane III SW	5	2009	→	2016	Tetto nudo	NO	232	500	513	613										AL-AB-2B-RT
Renault	Megane III SW	5	2009	→	2016	Barre lungitudinali	SI		600	513	613	815	915			515		● ○			AL-AB-2B-RT
Renault	Megane IV	5	2016	→		Tetto nudo	NO	344	500	520	620								065	065	NO
Renault	Megane Sporter / Grandtour	5	2016	→		Profili integrati	SI		601	507	607			857	957		715				NO
Renault	Modus	5	2004	→	2013	Punti fissi	NV	301	500	513	613								051		AL-AB-2B
Renault	R19	5	1988	→	1995	Tetto nudo													029	029	NO
Renault	R21	5	1989	→	1994	Tetto nudo													021	021	NO
Renault	Scenic I	5	1996	→	2003	Punti fissi	SI	213	500	507	607								028	028	SI
Renault	Scenic I	5	1996	→	2003	Tetto nudo		213	500	507	607								028	028	SI
Renault	Scenic II	5	2003	→	2009	Punti fissi	SI	101	500	507	607								001	001	AL-RT
Renault	Scenic II Conquest 	5	2007	→	2009	Barre lungitudinali	SI		600	526	626	830	930					● ○			AL-RT
Renault	Scenic III	5	2009	→	2016	Tetto nudo	NO	227	500	520	620								065	065	AL-RT
Renault	Scenic III	5	2009	→	2016	Tetto nudo	SI												065	065	AL-RT
Renault	Scenic III	5	2009	→	2016	Barre lungitudinali	SI		600	520	620	815	915			515		● ○			AL-RT
Renault	Scenic III X-Mod	5	2009	→	2016	Tetto nudo	NO	227	500	520	620								065	065	AL-RT
Renault	Scenic III X-Mod	5	2009	→	2016	Barre lungitudinali	SI		600	520	620	815	915			515		● ○			AL-RT
Renault	Scenic IV	5	2017	→		Tetto nudo	NO	338	500	526	626										NO
Renault	Talisman	4	2016	→		Tetto nudo		349	500	520	620								065	065	SI
Renault	Talisman SW	5	2016	→		Profili integrati	SI		601	507	607			857	957		715				NO
Renault	Twingo I	3	1993	→	2007																SI
Renault	Twingo II	3	2007	→	2014																SI
Renault	Twingo III	5	2014	→		Tetto nudo		323	500	513	613								065	065	NO
Rover	 Rover																				
Rover	200 (RF)	3	1995	→	1999																SI
Rover	25 (Streetwise RF)	3-5	1999	→	2005	Barre lungitudinali	SI		600	507	607	815	915					● ○			SI
Rover	600 (RH)	4	1993	→	1999	Tetto nudo													023	023	NO
Rover	75 (RJ)	4	1998	→	2005																SI
Rover	75 SW (RJ)	5	2001	→	2005	Barre lungitudinali	SI		600	507	607	815	915			515		● ○			SI
Saab	 Saab																				
Saab	900	4	1993	→	1998	Tetto nudo													034		NO
Saab	9000	4	1985	→	1998	Tetto nudo													034		NO
Saab	9-3 (YS3F)	4	2003	→	2013	Punti fissi	SI	130	500	507	607										SI
Saab	9-3 SW (YS3F)	5	2005	→	2013	Punti fissi	SI	130	500	507	607										AL-AA-RT
Saab	9-3 SW (YS3F)	5	2005	→	2013	Barre lungitudinali	SI		600	520	620	815	915			515		● ○			AL-AA-RT
Saab	9-3 X	5	2009	→	2013	Barre lungitudinali	SI		600	526	626	830	930			530		● ○			NO
Saab	9-5 (YS3E)	4	1997	→	2010	Tetto nudo	NO												034		NO
Saab	9-5 SW (YS3E)	5	1999	→	2010	Barre lungitudinali	SI		600	526	626	830	930			530		● ○			AL
Saab	9-7 X	5	2006	→	2009	Barre lungitudinali	SI		600	520	620	830	930			515		● ○			NO
Seat	 Seat																				
Seat	Alhambra (7M)	5	1996	→	2000	Barre lungitudinali	SI		600	526	626	830	930			530		● ○			AL
Seat	Alhambra (7M)	5	2000	→	2010	Barre lungitudinali	SI		600	526	626	830	930			530		● ○			AL
Seat	Alhambra (7N)	5	2010	→	2020	Barre lungitudinali	SI		600 / 601	526 / 507	626 / 607	830	930	857	957	530	730	● ○			AL
Seat	Altea (5P)	5	2004	→	2015	Tetto nudo													036	036	AL-2B
Seat	Altea Freetrack (5P)	5	2007	→	2015	Profili integrati	SI	404	600 / 601	520 / 507	620 / 607	815	915	857	957		715				AL-2B
Seat	Altea XL (5P)	5	2006	→	2015	Profili integrati	SI	404	600 / 601	520 / 507	620 / 607	815	915	857	957		715				AL-2B
Seat	Arona (KJ7)	5	2017	→		Barre lungitudinali	SI		600 / 601	513 / 507	613 / 607	815	915	857	957	515	715	● ○			NO
Seat	Arosa (6H)	3	1997	→	2005	Tetto nudo													023	057	NO
Seat	Ateca (KH)	5	2016	→		Barre lungitudinali	SI		600 / 601	520 / 507	620 / 607	830	930	857	957	515	715	● ○			SI
Seat	Exeo (3R)	4	2009	→	2013																SI
Seat	Exeo SW (3R)	5	2009	→	2013	Barre lungitudinali	SI		600	520	620	815	915			515		● ○			AL
Seat	Ibiza (021A)	5	1984	→	1993	Tetto nudo													025	025	NO
Seat	Ibiza (6J-6P)	3	2008	→	2017																AL
Seat	Ibiza (6J-6P)	5	2008	→	2017	Tetto nudo		217	500	513	613								064	064	AL
Seat	Ibiza (6K)	3-5	1993	→	2002																SI
Seat	Ibiza (6L)	3	2002	→	2008	Tetto nudo	NO	252	500	507	607								063	063	AA-AL
Seat	Ibiza (6L)	5	2002	→	2008	Tetto nudo	NO	252	500	507	607								063	063	AA-AL
Seat	Ibiza (KJ1)	5	2017	→		Tetto nudo		346	500	520	620								087	087	2B
Seat	Ibiza SW (6J-6P)	5	2010	→	2017	Profili integrati	SI	404	600 / 601	513 / 507	613 / 607	815	915	857	957		715				AL
Seat	Leon (1P)	5	2005	→	2012	Tetto nudo	NO	254	500	520	620								036	036	AL-2B
Seat	Leon (1P)	5	2005	→	2012	Tetto nudo	SI												036	036	AL-2B
Seat	Leon (5F)	5	2013	→	2020	Tetto nudo	NO	298	500	520	620								066	066	AL-2B
Seat	Leon (KL)	5	2020	→		Tetto nudo	NO													077	NV
Seat	Leon SW (5F)	5	2014	→	2020	Profili integrati	SI	404	600 / 601	520 / 507	620 / 607	830	930	857	957		715				2B
Seat	Leon SW	5	2020	→		Profili integrati	SI		601	507	607			857	957		715				NV
Seat	Marbella (28)	3	1986	→	1998	Tetto nudo													052	060	NO
Seat	Mii (KF1)	5	2012	→		Tetto nudo	SI												036	036	AL-2B
Seat	Tarraco	5	2019	→		Barre lungitudinali	SI		600 / 601	520 / 507	620 / 607	830	930	857	957	515	715	● ○			NV
Seat	Toledo (1L)	5	1991	→	1999	Punti fissi	SI												028	028	NO
Seat	Toledo (5P)	5	2004	→	2009	Tetto nudo	NO												036	036	NO
Seat	Toledo (KG)	4	2013	→	2019	Tetto nudo		292	500	520	620								035	035	NO
Skoda	 Skoda																				
Skoda	Citigo	5	2012	→		Tetto nudo	SI												036	036	AL-AB-RT-2B
Skoda	Fabia  (6Y)	5	1999	→	2007	Punti fissi	SI	222	500	507	607								070	070	AL
Skoda	Fabia (5J)	5	2007	→	2014	Tetto nudo		272	500	513	613								041	041	AL-2B
Skoda	Fabia (NJ)	5	2015	→		Tetto nudo	NO	345	500	513	613								073	072	AL
Skoda	Fabia Scout (5J)	5	2009	→	2014	Barre lungitudinali	SI		600	520	620	830	930			515		● ○			AL-2B
Skoda	Fabia SW  (6Y)	5	2000	→	2007	Barre lungitudinali	SI		600	507	607	815	915			515		● ○			AL
Skoda	Fabia SW (5J)	5	2007	→	2014	Barre lungitudinali	SI		600	513	613	815	915			515		● ○			AL-2B
Skoda	Fabia SW (NJ)	5	2015	→		Barre lungitudinali	SI		600 / 601	513 / 507	613 / 607	815	915	857	957	515	715	● ○			SI
Skoda	Felicia SW (6U)	5	1995	→	2001	Barre lungitudinali	SI		600	507	607	815	915			515		● ○			NO
Skoda	Kamiq	5	2019	→		Barre lungitudinali	SI		600 / 601	507 / 507	607 / 607	815	915	857	957	515	715	● ○			NO
Skoda	Karoq (NU7)	5	2018	→		Barre lungitudinali	SI		600	520	620	815	915			515					2B
Skoda	Kodiaq (NS7)	5	2017	→		Barre lungitudinali	SI		600 / 601	520 / 507	620 / 607	815	915	857	957	515	715	● ○			AB-2B
Skoda	Octavia (1U)	4	1996	→	2004	Punti fissi	SI	222	500	526	626										SI
Skoda	Octavia (5E)	4	2013	→	2019	Tetto nudo		299	500	520	620										NO
Skoda	Octavia SW (1U)	5	1998	→	2004	Barre lungitudinali	SI		600	507	607	815	915			515		● ○			AL
Skoda	Octavia SW (1Z)	5	2004	→	2012	Barre lungitudinali	SI		600	513	613	815	915			515		● ○			AL
Skoda	Octavia SW (5E)	5	2013	→	2020	Barre lungitudinali	SI		600	513	613	815	915			515		● ○			AL-2B
Skoda	Octavia SW (NX)	5	2020	→		Profili integrati	SI		601	507	607			857	957		715				NV
Skoda	Rapid (NH)	4	2013	→	2019	Tetto nudo	NO	292	500	520	620								035	035	NO
Skoda	Roomster (5J)	5	2006	→	2015	Barre lungitudinali	SI		600	507	607	815	915			515		● ○			AL-RT
Skoda	Roomster Praktik (5J)	5	2007	→	2015	Barre lungitudinali	SI		600	520	620	830	930			515		● ○			NO
Skoda	Roomster Scout (5J)	5	2009	→	2015	Barre lungitudinali	SI		600	526	626	830	930			515		● ○			AL-RT
Skoda	Scala	5	2019	→		Tetto nudo	NV	383	500	520	620									084	NV
Skoda	Superb SW (3T)	5	2010	→	2015	Barre lungitudinali	SI		600	513	613	815	915			515		● ○			AL
Skoda	Superb SW (3V)	5	2015	→		Barre lungitudinali	SI		600 / 601	520 / 507	620 / 607	815	915	857	957	515	715	● ○			NO
Skoda	Yeti (5L)	5	2009	→	2017	Barre lungitudinali	SI		600	520	620	830	930			530					SI
Smart	 Smart																				
Smart	ForFour	5	2004	→	2014																AL-RT
Ssangyong	 Ssangyong																				
Ssangyong	Korando	3	1997	→	2005	Barre lungitudinali	SI		600	520	620	830	930					● ○			NV
Ssangyong	Korando	5	2010	→	2014	Barre lungitudinali	SI		600	513	613	815	915			515		● ○			NO
Ssangyong	Korando	5	2014	→	2019	Barre lungitudinali	SI		600	520	620	815	915			515		● ○			NO
Ssangyong	Korando	5	2019	→		Barre lungitudinali	SI		600	526	626	830	930			530		● ○			NO
Ssangyong	Kyron	5	2005	→	2011	Barre lungitudinali	SI		600	520	620	830	930			530		● ○			NV
Ssangyong	Musso	5	1995	→	2006	Barre lungitudinali	SI		600	542	642	830	930			530		● ○			NO
Ssangyong	Musso II	2-4	2018	→		Barre lungitudinali	SI	655	601	507	607			857	957	530	 				NO
Ssangyong	Rexton I	5	2001	→	2006	Barre lungitudinali	SI		600	520	620	830	930			530		● ○			NO
Ssangyong	Rexton II	5	2007	→	2013	Barre lungitudinali	SI		600	513	613	815	915			515		● ○			NO
Ssangyong	Rexton III	5	2013	→	2017	Barre lungitudinali	SI		600	513	613	815	915			515		● ○			NO
Ssangyong	Rexton IV	5	2017	→		Barre lungitudinali	SI	655	601	507	607			857	957	530	 				NV
Ssangyong	Rodius	5	2004	→	2013	Barre lungitudinali	SI		600	520	620	830	930			515		● ○			NV
Ssangyong	Rodius	5	2013	→	2019	Barre lungitudinali	SI		600	507	607	815	915			515		● ○			NV
Ssangyong	Tivoli	5	2015	→		Tetto nudo	SI	288	500	520	620								036	036	SI
Ssangyong	Tivoli	5	2015	→		Profili integrati	SI	656	601	507	607			857	957		715				NO
Ssangyong	XLV	5	2016	→		Barre lungitudinali	SI		600	513	613	815	915			515		● ○			NO
Subaru	 Subaru																				
Subaru 	XV E-Boxer	5	2019	→		Profili integrati	SI		601	507	607			857	957		715				NO
Subaru	Forester (SF)	5	1997	→	2002	Profili integrati	SI		601	507	607			857	957		715				AA-AL
Subaru	Forester (SH)	5	2008	→	2013	Barre lungitudinali	SI		600	520	620	830	930			515		● ○			SI
Subaru	Forester (SJ)	5	2013	→	2020	Barre lungitudinali	SI		600	520	620	815	915			515		● ○			SI
Subaru	Impreza SW	5	1993	→	2010	Barre lungitudinali	SI		600	507	607	815	915			515		● ○			NO
Subaru	Impreza XV	5	2010	→	2012	Barre lungitudinali	SI		600	520	620	815	915					● ○			AL
Subaru	Justy (G3)	5	2003	→	2007	Barre lungitudinali	SI		600	520	620	815	915			515		● ○			NV
Subaru	Legacy SW (BC-BD-BE)	5	1989	→	2002	Barre lungitudinali	SI		600	507	607	815	915			515		● ○			AA-AL
Subaru	Legacy SW (BL)	5	2003	→	2009																AA-AL
Subaru	Legacy SW (BM)	5	2009	→	2015																AL
Subaru	Outback (BE)	5	1998	→	2003	Barre lungitudinali	SI		600	507	607	815	915			515		● ○			AA-AL
Subaru	Outback (BL)	5	2003	→	2009																AA-AL
Subaru	Outback (BM)	5	2009	→	2014																AL
Subaru	Trezia	5	2011	→	2016	Tetto nudo	NO	257	500	513	613										AL
Subaru	Tribeca (B9)	5	2008	→	2014	Barre lungitudinali	SI		600	542	642	830	930			530		● ○			NO
Subaru	XV	5	2012	→	2017	Barre lungitudinali	SI		600	520	620	830	930			515		● ○			NO
Subaru	XV	5	2018	→		Barre lungitudinali	SI		600	520	620	815	915			515		● ○			NO
Suzuki	 Suzuki																				
Suzuki	Alto  (SS)	3-5	1982	→	1985	Tetto nudo													025	025	NO
Suzuki	Alto (CA-CL-HA)	5	1986	→	2002	Tetto nudo													025	025	NO
Suzuki	Alto (HA24)	5	2002	→	2009	Tetto nudo													023	023	NO
Suzuki	Alto (HA25)	5	2008	→	2014	Tetto nudo													033	033	AL-RT
Suzuki	Baleno (EG)	5	1996	→	2002	Barre lungitudinali	SI		600	507	607	815	915			515		● ○			NO
Suzuki	Baleno (EW)	5	2016	→																	AL
Suzuki	Celerio (LF)	5	2015	→																	AL
Suzuki	Grand Vitara (GT)	3-5	1998	→	2004	Barre lungitudinali	SI		600	520	620	815	915			515		● ○			NO
Suzuki	Grand Vitara (JT)	3-5	2005	→	2015	Profili integrati	SI	653	601	507	607			857	957						NO
Suzuki	Ignis (FH-MH)	5	2000	→	2008	Barre lungitudinali	SI		600	520	620	815	915			515		● ○			NO
Suzuki	Ignis (MF)	5	2016	→		Barre lungitudinali	SI		600	513	613	815	915			515		● ○			NV
Suzuki	Jimny (FJ)	5	1998	→	2018	Barre lungitudinali	SI		600	513	613	815	915			515		● ○			NO
Suzuki	Samurai (SJ)	3	1982	→	1992	Barre lungitudinali	SI		600	520	620	830	930					● ○			NO
Suzuki	Splash (EX)	5	2008	→	2015	Tetto nudo		237	500	507	607										AL-RT
Suzuki	Swace	5	2021	→		Profili integrati	SI		601	507	607			857	957		715				NV
Suzuki	Swift (MZ-EZ)	3-5	2004	→	2010																AL
Suzuki	Swift (NZ-FZ)	3-5	2010	→	2017																AL-RT
Suzuki	SX4 (EY-GY)	5	2006	→	2014	Barre lungitudinali	SI		600	520	620	830	930			530		● ○			AL
Suzuki	SX4 S-Cross (JY)	5	2014	→		Profili integrati	SI		601	507	607			857	957		715				AL-2B
Suzuki	Vitara (ET)	5	1998	→	2005	Barre lungitudinali	SI		600	520	620	830	930			530		● ○			NO
Suzuki	Vitara (LY)	5	2015	→		Profili integrati	SI		601	507	607			857	957		715				NO
Suzuki	Wagon R+ (MM)	5	2000	→	2008	Barre lungitudinali	SI		600	520	620	830	930			515		● ○			SI
Tata	 Tata																				
Tata	Indica Aria	5	2010	→	2017	Tetto nudo													036	036	NO
Tata	Indigo I SW	5	2002	→	2009	Barre lungitudinali	SI		600	520	620	815	915			515		● ○			NO
Tata	Safari	5	1998	→		Barre lungitudinali	SI		600	520	620	815	915					● ○			NO
Tata	Xenon (Pick Up)	4	2007	→		Tetto nudo													032	032	NO
Toyota	 Toyota																				
Toyota	4 Runner (N130)	5	1990	→	1995	Barre lungitudinali	SI		600	507	607	815	915			515		● ○			NO
Toyota	Auris (E15)	5	2007	→	2012																AL-2B-RT
Toyota	Auris (E18)	5	2013	→	2018	Tetto nudo	SI	294	500	513	613								036	036	NO
Toyota	Auris SW (E18)	5	2013	→	2018	Profili integrati	SI		601	507	607			857	957		715				NO
Toyota	Avensis (T22)	4-5	1997	→	2003	Tetto nudo	NO												044	044	NO
Toyota	Avensis (T25)	4-5	2003	→	2009	Tetto nudo	NO												024	024	RT
Toyota	Avensis (T27)	4	2009	→	2015																SI
Toyota	Avensis SW (T22)	5	1997	→	2008	Barre lungitudinali	SI		600	520	620	830	930			515		● ○			NO
Toyota	Avensis SW (T27)	5	2011	→	2018																AL-2B
Toyota	Avensis Verso	5	2001	→	2006	Barre lungitudinali	SI		600	507	607	815	915			515		● ○			NV
Toyota	Aygo (AB10)	5	2005	→	2014	Tetto nudo	SI												021	049	NO
Toyota	Aygo (AB40)	5	2014	→		Tetto nudo	NO	256	500	507	607								025	059	NO
Toyota	Aygo (AB40)	5	2014	→		Tetto nudo	SI												025	059	NO
Toyota	Carina (T17)	5	1987	→	1993	Tetto nudo													024	044	NO
Toyota	Carina SW (T17-T19)	5	1988	→	1997	Barre lungitudinali	SI		600	507	607	815	915			515		● ○			NO
Toyota	C-HR	5	2017	→		Tetto nudo	NV	357	500	513	613										NO
Toyota	Corolla (E210)	5	2019	→		Tetto nudo	NV	373	500	513	613									098	NV
Toyota	Corolla SW (E100)	5	1993	→	1999	Barre lungitudinali	SI		600	507	607	815	915			515		● ○			NO
Toyota	Corolla SW (E110)	5	2000	→	2001	Barre lungitudinali	SI		600	520	620	830	930					● ○			NO
Toyota	Corolla SW (E120)	5	2002	→	2006	Barre lungitudinali	SI		600	507	607	815	915			515		● ○			NO
Toyota	Corolla SW (E210)	5	2019	→		Profili integrati	SI		601	507	607			857	957		715				NV
Toyota	Corolla Verso  (E121)	5	2002	→	2006	Barre lungitudinali	SI		600	526	626	830	930			530		● ○			AL-RT
Toyota	Corolla Verso (AR10)	5	2004	→	2009	Tetto nudo	SI	253	500	526	626										AL-RT
Toyota	Corolla Verso (AR10)	5	2007	→	2009	Barre lungitudinali	SI		600	526	626	830	930			515		● ○			AL-RT
Toyota	Hilux	4	2005	→	2015	Tetto nudo		297	500	526	626								032	032	NO
Toyota	Land Cruiser  90	3	1996	→	2003	Barre lungitudinali	SI		600	542	642					530					NO
Toyota	Land Cruiser  90	5	1996	→	2003	Barre lungitudinali	SI		600	520	620	830	930					● ○			NO
Toyota	Land Cruiser 100	5	1990	→	2001	Barre lungitudinali	SI		600	542	642					530					NO
Toyota	Land Cruiser 120	5	2002	→	2009	Punti fissi	SI	295	500	513	613										NO
Toyota	Land Cruiser 120	5	2003	→	2009	Barre lungitudinali	SI		600	520	620	830	930			530		● ○			NO
Toyota	Land Cruiser 125	3	2003	→	2009	Barre lungitudinali	SI		600	520	620	830	930			530		● ○			NO
Toyota	Land Cruiser 150	5	2009	→		Punti fissi	SI	295	500	513	613										NO
Toyota	Land Cruiser 150	5	2009	→		Barre lungitudinali	SI		600	526	626	830	930			530		● ○			NO
Toyota	Land Cruiser 155	3	2009	→		Punti fissi	SI	295	500	513	613										NO
Toyota	Land Cruiser 155	3	2009	→		Barre lungitudinali	SI		600	526	626	830	930			530		● ○			NO
Toyota	Land Cruiser 500	5	2005	→		Barre lungitudinali	SI		600	542	642					530					NO
Toyota	Mirai	4	2015	→																	SI
Toyota	Picnic	5	1996	→	2001	Barre lungitudinali	SI		600	520	620	815	915					● ○			AL-RT
Toyota	Previa (XR30)	5	2000	→	2006	Barre lungitudinali	SI		600	520	620	815	915			515		● ○			NO
Toyota	Prius+ (XV40)	5	2012	→		Tetto nudo	SI	285	500	520	620								024	024	NO
Toyota	Proace City Verso	3-5	2020	→		Barre lungitudinali	SI	655	601	513	613			865	965	530	 				NV
Toyota	Rav4 (XA20)	3-5	2000	→	2006	Barre lungitudinali	SI		600	513	613	815	915			515		● ○			NO
Toyota	Rav4 (XA30)	5	2006	→	2013	Tetto nudo		266	500	520	620										NO
Toyota	Rav4 (XA30)	5	2006	→	2013	Barre lungitudinali	SI		600	520	620	815	915			515		● ○			NO
Toyota	Rav4 (XA40)	5	2013	→	2018	Tetto nudo		266	500	520	620										NO
Toyota	Rav4 (XA40)	5	2013	→	2018	Barre lungitudinali	SI		600	520	620	830	930			515		● ○			NO
Toyota	Sequoia	5	2001	→		Barre lungitudinali	SI		600	542	642					530					NO
Toyota	Sienna (XL30)	5	2011	→		Barre lungitudinali	SI		600	520	620	815	915					● ○			NO
Toyota	Urban Cruiser	5	2009	→	2014	Tetto nudo		256	500	513	613								023	057	AL-2B-RT
Toyota	Verso	5	2009	→	2017	Tetto nudo	SI	253	500	542	642										AL
Toyota	Verso	5	2009	→	2017	Barre lungitudinali	SI		600	526	626	830	930			530		● ○			AL
Toyota	Verso S	5	2011	→	2017	Tetto nudo		257	500	513	613								035	035	AL
Toyota	Yaris  (XP10)	5	1999	→	2005	Tetto nudo		237	500	513	613								033	033	AL-RT
Toyota	Yaris  (XP90)	5	2005	→	2011	Tetto nudo		237	500	513	613								033	033	AL
Toyota	Yaris (XP130)	5	2011	→	2020	Tetto nudo	NO	237	500	507	607								033	033	AL-2B-RT
Toyota	Yaris Verso (XP20)	5	1999	→	2005	Barre lungitudinali	SI		600	507	607	815	915			515		● ○			NO
Volkswagen	 Volkswagen																				
Volkswagen	Amarok	3-5	2011	→		Punti fissi	SI	102	500	520	620									007	NO
Volkswagen	Bora (1J)	4	1998	→	2005	Tetto nudo													037	037	NO
Volkswagen	Bora SW (1J)	5	1999	→	2005	Barre lungitudinali	SI		600	520	620	815	915			515		● ○			SI
Volkswagen	Caddy III (2K)	3-5	2003	→	2015	Punti fissi	SI	102	500	507	607								006	006	SI
Volkswagen	Caddy III (2K)	3-5	2003	→	2015	Barre lungitudinali	SI		600	513	613	815	915			515		● ○			SI
Volkswagen	Caddy IV (2K facelift)	3-5	2015	→	2020	Punti fissi	SI	102	500	507	607								006	006	AL
Volkswagen	Caddy IV (2K facelift)	3-5	2015	→	2020	Barre lungitudinali	SI		600	513	613	815	915			515		● ○			AL
Volkswagen	Caddy IV Alltrack (2K)	5	2016	→	2020	Barre lungitudinali	SI	651	600 / 601	513 / 507	613 / 607	815	915	857	957	515	715	● ○			AL
	Caddy V	3-5	2020	→																	
Volkswagen	Fox 	3	2005	→	2011																SI
Volkswagen	Golf III SW (1H)	5	1993	→	1999	Barre lungitudinali	SI		600	507	607	815	915			515		● ○			NO
Volkswagen	Golf IV (1J)	3	1997	→	2004	Tetto nudo													038	038	RT
Volkswagen	Golf IV (1J)	5	1997	→	2004	Tetto nudo		264	500	507	607								037	037	RT
Volkswagen	Golf IV SW (1J)	5	1999	→	2007	Barre lungitudinali	SI		600	507	607	815	915			515		● ○			AL
Volkswagen	Golf V (1K)	3	2003	→	2008	Tetto nudo		244	500	520	620										AL-RT
Volkswagen	Golf V (1K)	5	2003	→	2008	Tetto nudo		244	500	520	620								036	036	AL-RT
Volkswagen	Golf V Cross (1K)	5	2006	→	2014	Barre lungitudinali	SI		600	520	620	815	915			515		● ○			AL
Volkswagen	Golf V Plus (1K)	5	2005	→	2014	Tetto nudo		270	500	513	613								036	036	AL-2B-RT
Volkswagen	Golf V Plus (1K)	5	2005	→	2014	Barre lungitudinali	SI		600	520	620	815	915			515		● ○			AL-2B-RT
Volkswagen	Golf V SW (1K)	5	2007	→	2010	Barre lungitudinali	SI		600	520	620	815	915			515		● ○			SI
Volkswagen	Golf VI (5K)	3	2008	→	2012	Tetto nudo		244	500	520	620										AL
Volkswagen	Golf VI (5K)	5	2008	→	2012	Tetto nudo		244	500	520	620								036	036	AL
Volkswagen	Golf VI SW (5K)	5	2010	→	2013	Barre lungitudinali	SI		600	520	620	830	930			515		● ○			AL
Volkswagen	Golf VII (5G)	5	2012	→	2020	Tetto nudo	SI	290	500	520	620								066	066	AL-2B
Volkswagen	Golf VII Alltrack (5G)	5	2015	→	2021	Barre lungitudinali	SI		600 / 601	513 / 507	613 / 607	815	915	857	957	515	715	● ○			AL
Volkswagen	Golf VII Sportsvan (AM1)	5	2014	→	2020	Tetto nudo	SI	331	500	520	620										AL-2B
Volkswagen	Golf VII Sportsvan (AM1)	5	2014	→	2020	Barre lungitudinali	SI		600 / 601	520 / 507	620 / 607	815	915	857	957	515	715	● ○			AL-2B
Volkswagen	Golf VII SW (5G)	5	2013	→	2020	Barre lungitudinali	SI		600	513	613	815	915			515		● ○			AL-2B
Volkswagen	Golf VIII	5	2020	→		Tetto nudo	NV	375	500	520	620								077	077	NV
Volkswagen	Jetta (1B)	4	2010	→	2018	Tetto nudo													065	065	SI
Volkswagen	Lupo (6X)	3	1998	→	2005	Tetto nudo													023	057	SI
Volkswagen	Passat Alltrack (B8)	5	2015	→	2021	Barre lungitudinali	SI		601	507	607			857	957		715				AL
Volkswagen	Passat SW (B2-B3-B4)	5	1980	→	1996	Barre lungitudinali	SI		600	507	607	815	915			515		● ○			NO
Volkswagen	Passat SW (B5)	5	1997	→	2000	Barre lungitudinali	SI		600	520	620	815	915			515		● ○			SI
Volkswagen	Passat SW (B5)	5	2000	→	2005	Barre lungitudinali	SI		600	520	620	830	930			515		● ○			SI
Volkswagen	Passat SW (B6-B7)	5	2005	→	2014	Barre lungitudinali	SI		600	513	613	815	915			515		● ○			AB-AL-2B
Volkswagen	Passat SW (B8)	5	2015	→		Profili integrati	SI		601	507	607			857	957		715				AL-2B
Volkswagen	Passat V (B5)	4	1996	→	2005	Tetto nudo		262	500	513	613								023	057	SI
Volkswagen	Passat VI (B6)	4	2005	→	2013	Tetto nudo		261	500	520	620								036	036	SI
Volkswagen	Passat VII (B8)	4	2014	→																	SI
Volkswagen	Polo II Classic (86C)	5	1981	→	1994	Barre lungitudinali	SI		600	520	620	815	915					● ○			NO
Volkswagen	Polo II SW (86C)	5	1981	→	1990	Barre lungitudinali	SI		600	520	620	815	915					● ○			NO
Volkswagen	Polo III (6N)	3-5	1995	→	2001	Punti fissi	SI	222	500	507	607								070	070	RT
Volkswagen	Polo III SW (6N)	5	1996	→	2001	Barre lungitudinali	SI		600	520	620	830	930					● ○			AL
Volkswagen	Polo IV (9N)	3	2001	→	2009	Tetto nudo													045	036	AL
Volkswagen	Polo IV (9N)	5	2001	→	2009	Tetto nudo		236	500	513	613								045	036	AL
Volkswagen	Polo IV Cross (9N)	5	2006	→	2009	Barre lungitudinali	SI		600	507	607	815	915			515		● ○			AL
Volkswagen	Polo IV Fun (9N)	5	2003	→	2005	Barre lungitudinali	SI		600	507	607	815	915			515		● ○			NV
Volkswagen	Polo V (6R)	5	2009	→	2017	Tetto nudo		231	500	513	613								045	036	AL-2B
Volkswagen	Polo V Cross (6R)	5	2010	→	2017	Barre lungitudinali	SI		600 / 601	513 / 507	613 / 607	815	915	857	957	515	715	● ○			AL-2B
Volkswagen	Polo VI (AW)	5	2018	→		Tetto nudo	NV	355	500	513	613									095	AL-2B
Volkswagen	Sharan (7M)	5	1995	→	2010	Barre lungitudinali	SI		600	526	626	830	930			515		● ○			SI
Volkswagen	Sharan (7N)	5	2010	→	2020	Barre lungitudinali	SI		600 / 601	526 / 507	626 / 607	830	930	857	957	530	730	● ○			AL
Volkswagen	T-Cross	5	2019	→		Barre lungitudinali	SI		600 / 601	520 / 507	620 / 607	815	915	857	957	515	715	● ○			NO
Volkswagen	Tiguan (5N)	5	2007	→	2016	Tetto nudo	NO												036	036	AL-AB-2B
Volkswagen	Tiguan (5N)	5	2007	→	2016	Barre lungitudinali	SI		600 / 601	520 / 507	620 / 607	815	915	857	957	515	715	● ○			AL-AB-2B
Volkswagen	Tiguan (AD1)	5	2016	→		Barre lungitudinali	SI		600 / 601	520 / 507	620 / 607	830	930	857	957	515	715	● ○			AL
Volkswagen	Tiguan Allspace (BW2)	5	2016	→		Barre lungitudinali	SI		600 / 601	520 / 507	620 / 607	830	930	857	957	515	715	● ○			AL
Volkswagen	Touareg (7L)	5	2002	→	2010	Barre lungitudinali	SI		600	520	620	830	930			515		● ○			AA-AL
Volkswagen	Touareg (7L)	5	2002	→	2010	Profili a T	SI	406	600	513	613	815	915								AA-AL
Volkswagen	Touareg (7P)	5	2010	→	2018	Barre lungitudinali	SI		600	526	626	830	930			530		● ○			AL-2B
Volkswagen	Touareg (CR7)	5	2018	→		Profili integrati	SI		601	513	613			865	965		730				AL-2B
Volkswagen	Touran (1T)	5	2003	→	2014	Barre lungitudinali	SI		600	526	626	830	930			530		● ○			2B
Volkswagen	Touran (5T)	5	2015	→		Barre lungitudinali	SI		600 / 601	526 / 513	626 / 613	830	930	865	965	530	730	● ○			AL
Volkswagen	Transporter (T5)	3-5	2003	→	2014	Punti fissi	SI	102	500	542	642										NO
Volkswagen	Transporter (T5)	3-5	2003	→	2015	Profili a T	SI	406	600	542	642										NO
Volkswagen	Transporter (T6)	3-5	2015	→		Punti fissi	SI	102	500	542	642										NO
Volkswagen	Transporter (T6)	3-5	2015	→		Profili a T	SI	406	600	542	642										NO
Volkswagen	T-Roc (A11)	5	2017	→		Tetto nudo	NV	354	500	520	620								081	081	NO
Volkswagen	T-Roc (A11)	5	2017	→		Barre lungitudinali	SI		600 / 601	526 / 507	626 / 607	830	930	857	957	515	715	● ○			NO
Volkswagen	Up	5	2012	→		Tetto nudo	SI												036	036	AL-AB-2B
Volkswagen	Up Cross	5	2013	→		Barre lungitudinali	SI		600	507	607	815	915			515		● ○			AL-AB-2B
Volvo	 Volvo																				
Volvo	940	5	1990	→	1999	Barre lungitudinali	SI		600	520	620	830	930					● ○			NO
Volvo	960	5	1991	→	1998	Barre lungitudinali	SI		600	520	620	830	930					● ○			NO
Volvo	S40	4	2004	→	2012	Tetto nudo	NV													082	RT
Volvo	S60	4	2000	→	2009																RT
Volvo	S60	4	2010	→	2018	Tetto nudo	NV	370	500	520	620								085	085	RT
Volvo	S80 II	5	2006	→	2016	Tetto nudo		273	500	526	626										RT
Volvo	V40	5	1996	→	2004	Barre lungitudinali	SI		600	520	620	815	915			515		● ○			NO
Volvo	V40 Cross Country	5	2012	→	2019	Barre lungitudinali	SI		600 / 601	520 / 507	620 / 607	830	930	857	957	515	715	● ○			NO
Volvo	V40 II	5	2012	→	2019	Tetto nudo	NO	321	500	520	620								065	065	NO
Volvo	V50	5	2004	→	2012	Tetto nudo		273	500	520	620								035	035	AL-RT
Volvo	V50	5	2004	→	2012	Barre lungitudinali	SI		600	520	620	815	915			530		● ○			AL-RT
Volvo	V60	5	2010	→	2018	Tetto nudo	NO	280	500	520	620								079	079	NO
Volvo	V60	5	2010	→	2018	Tetto nudo	SI												079	079	NO
Volvo	V60	5	2010	→	2018	Profili integrati	SI		601	507	607			857	957		715				NO
Volvo	V60	5	2018	→		Profili integrati			601	507	607			857	957		715				NO
Volvo	V60 Cross Country	5	2015	→	2018	Profili integrati	SI		601	507	607			857	957		715				NO
Volvo	V70	5	2007	→	2016	Barre lungitudinali	SI		600	526	626	830	930			515		● ○			NO
Volvo	V90	5	1997	→	1998	Barre lungitudinali	SI		600	520	620	830	930					● ○			NO
Volvo	V90	5	2016	→		Profili integrati	SI		601	507	607			857	957		715				NO
Volvo	XC40	5	2018	→		Profili integrati	SI		601	507	607			857	957		730				NO
Volvo	XC60	5	2008	→	2017	Profili integrati	SI		601	507	607			857	957		730				NO
Volvo	XC60	5	2017	→		Profili integrati	SI		601	507	607			857	957		730				NO
Volvo	XC70	5	2007	→	2016	Barre lungitudinali	SI		600	526	626	830	930			530		● ○			NO
Volvo	XC90	5	2002	→	2014	Barre lungitudinali	SI		600	520	620	830	930			515		● ○			NO
Volvo	XC90	5	2015	→		Barre lungitudinali	SI		600 / 601	526 / 507	626 / 607	830	930	857	957	530	730				NO
Volvo	XC90	5	2015	→		Profili integrati	SI		601	507	607			857	957		730				NO
